račun,naučenost,čas,count,score
1*1,0.00,0.00,0,0
1*2,0.00,0.00,0,0
1*3,0.00,0.00,0,0
1*4,0.00,0.00,0,0
1*5,0.00,0.00,0,0
1*6,0.00,0.00,0,0
1*7,0.00,0.00,0,0
1*8,0.00,0.00,0,0
1*9,0.00,0.00,0,0
1*10,0.00,0.00,0,0
2*1,0.00,0.00,0,0
2*2,0.00,0.00,0,0
2*3,0.00,0.00,0,0
2*4,0.00,0.00,0,0
2*5,0.00,0.00,0,0
2*6,0.00,0.00,0,0
2*7,0.00,0.00,0,0
2*8,0.00,0.00,0,0
2*9,0.00,0.00,0,0
2*10,0.00,0.00,0,0
3*1,0.00,0.00,0,0
3*2,0.00,0.00,0,0
3*3,0.00,0.00,0,0
3*4,0.00,0.00,0,0
3*5,0.00,0.00,0,0
3*6,0.00,0.00,0,0
3*7,0.00,0.00,0,0
3*8,0.00,0.00,0,0
3*9,0.00,0.00,0,0
3*10,0.00,0.00,0,0
4*1,0.00,0.00,0,0
4*2,0.00,0.00,0,0
4*3,0.00,0.00,0,0
4*4,0.00,0.00,0,0
4*5,0.00,0.00,0,0
4*6,0.00,0.00,0,0
4*7,0.00,0.00,0,0
4*8,0.00,0.00,0,0
4*9,0.00,0.00,0,0
4*10,0.00,0.00,0,0
5*1,0.00,0.00,0,0
5*2,0.00,0.00,0,0
5*3,0.00,0.00,0,0
5*4,0.00,0.00,0,0
5*5,0.00,0.00,0,0
5*6,0.00,0.00,0,0
5*7,0.00,0.00,0,0
5*8,0.00,0.00,0,0
5*9,0.00,0.00,0,0
5*10,0.00,0.00,0,0
6*1,0.00,0.00,0,0
6*2,0.00,0.00,0,0
6*3,0.00,0.00,0,0
6*4,0.00,0.00,0,0
6*5,0.00,0.00,0,0
6*6,0.00,0.00,0,0
6*7,0.00,0.00,0,0
6*8,0.00,0.00,0,0
6*9,0.00,0.00,0,0
6*10,0.00,0.00,0,0
7*1,0.00,0.00,0,0
7*2,0.00,0.00,0,0
7*3,0.00,0.00,0,0
7*4,0.00,0.00,0,0
7*5,0.00,0.00,0,0
7*6,0.00,0.00,0,0
7*7,0.00,0.00,0,0
7*8,0.00,0.00,0,0
7*9,0.00,0.00,0,0
7*10,0.00,0.00,0,0
8*1,0.00,0.00,0,0
8*2,0.00,0.00,0,0
8*3,0.00,0.00,0,0
8*4,0.00,0.00,0,0
8*5,0.00,0.00,0,0
8*6,0.00,0.00,0,0
8*7,0.00,0.00,0,0
8*8,0.00,0.00,0,0
8*9,0.00,0.00,0,0
8*10,0.00,0.00,0,0
9*1,0.00,0.00,0,0
9*2,0.00,0.00,0,0
9*3,0.00,0.00,0,0
9*4,0.00,0.00,0,0
9*5,0.00,0.00,0,0
9*6,0.00,0.00,0,0
9*7,0.00,0.00,0,0
9*8,0.00,0.00,0,0
9*9,0.00,0.00,0,0
9*10,0.00,0.00,0,0
10*1,0.00,0.00,0,0
10*2,0.00,0.00,0,0
10*3,0.00,0.00,0,0
10*4,0.00,0.00,0,0
10*5,0.00,0.00,0,0
10*6,0.00,0.00,0,0
10*7,0.00,0.00,0,0
10*8,0.00,0.00,0,0
10*9,0.00,0.00,0,0
10*10,0.00,0.00,0,0
1:1,0.00,0.00,0,0
2:1,0.00,0.00,0,0
3:1,0.00,0.00,0,0
4:1,0.00,0.00,0,0
5:1,0.00,0.00,0,0
6:1,0.00,0.00,0,0
7:1,0.00,0.00,0,0
8:1,0.00,0.00,0,0
9:1,0.00,0.00,0,0
10:1,0.00,0.00,0,0
2:2,0.00,0.00,0,0
4:2,0.00,0.00,0,0
6:2,0.00,0.00,0,0
8:2,0.00,0.00,0,0
10:2,0.00,0.00,0,0
12:2,0.00,0.00,0,0
14:2,0.00,0.00,0,0
16:2,0.00,0.00,0,0
18:2,0.00,0.00,0,0
20:2,0.00,0.00,0,0
3:3,0.00,0.00,0,0
6:3,0.00,0.00,0,0
9:3,0.00,0.00,0,0
12:3,0.00,0.00,0,0
15:3,0.00,0.00,0,0
18:3,0.00,0.00,0,0
21:3,0.00,0.00,0,0
24:3,0.00,0.00,0,0
27:3,0.00,0.00,0,0
30:3,0.00,0.00,0,0
4:4,0.00,0.00,0,0
8:4,0.00,0.00,0,0
12:4,0.00,0.00,0,0
16:4,0.00,0.00,0,0
20:4,0.00,0.00,0,0
24:4,0.00,0.00,0,0
28:4,0.00,0.00,0,0
32:4,0.00,0.00,0,0
36:4,0.00,0.00,0,0
40:4,0.00,0.00,0,0
5:5,0.00,0.00,0,0
10:5,0.00,0.00,0,0
15:5,0.00,0.00,0,0
20:5,0.00,0.00,0,0
25:5,0.00,0.00,0,0
30:5,0.00,0.00,0,0
35:5,0.00,0.00,0,0
40:5,0.00,0.00,0,0
45:5,0.00,0.00,0,0
50:5,0.00,0.00,0,0
6:6,0.00,0.00,0,0
12:6,0.00,0.00,0,0
18:6,0.00,0.00,0,0
24:6,0.00,0.00,0,0
30:6,0.00,0.00,0,0
36:6,0.00,0.00,0,0
42:6,0.00,0.00,0,0
48:6,0.00,0.00,0,0
54:6,0.00,0.00,0,0
60:6,0.00,0.00,0,0
7:7,0.00,0.00,0,0
14:7,0.00,0.00,0,0
21:7,0.00,0.00,0,0
28:7,0.00,0.00,0,0
35:7,0.00,0.00,0,0
42:7,0.00,0.00,0,0
49:7,0.00,0.00,0,0
56:7,0.00,0.00,0,0
63:7,0.00,0.00,0,0
70:7,0.00,0.00,0,0
8:8,0.00,0.00,0,0
16:8,0.00,0.00,0,0
24:8,0.00,0.00,0,0
32:8,0.00,0.00,0,0
40:8,0.00,0.00,0,0
48:8,0.00,0.00,0,0
56:8,0.00,0.00,0,0
64:8,0.00,0.00,0,0
72:8,0.00,0.00,0,0
80:8,0.00,0.00,0,0
9:9,0.00,0.00,0,0
18:9,0.00,0.00,0,0
27:9,0.00,0.00,0,0
36:9,0.00,0.00,0,0
45:9,0.00,0.00,0,0
54:9,0.00,0.00,0,0
63:9,0.00,0.00,0,0
72:9,0.00,0.00,0,0
81:9,0.00,0.00,0,0
90:9,0.00,0.00,0,0
10:10,0.00,0.00,0,0
20:10,0.00,0.00,0,0
30:10,0.00,0.00,0,0
40:10,0.00,0.00,0,0
50:10,0.00,0.00,0,0
60:10,0.00,0.00,0,0
70:10,0.00,0.00,0,0
80:10,0.00,0.00,0,0
90:10,0.00,0.00,0,0
100:10,0.00,0.00,0,0
1*1,0.00,0.00,0,100
1*2,0.00,0.00,0,100
1*3,0.00,0.00,0,100
1*4,0.00,0.00,0,100
1*5,0.00,0.00,0,100
1*6,0.00,0.00,0,100
1*7,0.00,0.00,0,100
1*8,0.00,0.00,0,100
1*9,0.00,0.00,0,100
1*10,0.00,0.00,0,100
2*1,2.05,4053.40,2,100
2*2,1.00,3216.00,1,100
2*3,1.01,2882.00,1,100
2*4,1.64,9080.20,2,100
2*5,1.49,1797.00,1,100
2*6,1.09,2491.00,1,100
2*7,1.81,5364.40,2,100
2*8,1.04,2685.00,1,100
2*9,2.08,5162.90,2,100
2*10,2.16,1145.00,1,100
3*1,0.00,0.00,0,100
3*2,0.00,0.00,0,100
3*3,0.00,0.00,0,100
3*4,0.00,0.00,0,100
3*5,0.00,0.00,0,100
3*6,0.00,0.00,0,100
3*7,0.00,0.00,0,100
3*8,0.00,0.00,0,100
3*9,0.00,0.00,0,100
3*10,0.00,0.00,0,100
4*1,1.03,2736.00,1,100
4*2,1.55,1729.00,1,100
4*3,2.43,2751.60,2,100
4*4,1.87,1397.00,1,100
4*5,0.91,4909.00,1,100
4*6,1.32,6414.20,2,100
4*7,1.10,2469.00,1,100
4*8,1.48,6331.20,2,100
4*9,1.11,2450.00,1,100
4*10,2.01,1272.00,1,100
5*1,1.72,1544.00,1,100
5*2,1.57,1701.00,1,100
5*3,1.01,2995.00,1,100
5*4,2.20,3117.90,2,100
5*5,1.10,2462.00,1,100
5*6,1.20,2239.00,1,100
5*7,0.98,3539.00,1,100
5*8,1.20,2245.00,1,100
5*9,1.08,2541.00,1,100
5*10,1.69,1569.00,1,100
6*1,0.00,0.00,0,100
6*2,0.00,0.00,0,100
6*3,0.00,0.00,0,100
6*4,0.00,0.00,0,100
6*5,0.00,0.00,0,100
6*6,0.00,0.00,0,100
6*7,0.00,0.00,0,100
6*8,0.00,0.00,0,100
6*9,0.00,0.00,0,100
6*10,0.00,0.00,0,100
7*1,0.00,0.00,0,100
7*2,0.00,0.00,0,100
7*3,0.00,0.00,0,100
7*4,0.00,0.00,0,100
7*5,0.00,0.00,0,100
7*6,0.00,0.00,0,100
7*7,0.00,0.00,0,100
7*8,0.00,0.00,0,100
7*9,0.00,0.00,0,100
7*10,0.00,0.00,0,100
8*1,0.00,0.00,0,100
8*2,0.00,0.00,0,100
8*3,0.00,0.00,0,100
8*4,0.00,0.00,0,100
8*5,0.00,0.00,0,100
8*6,0.00,0.00,0,100
8*7,0.00,0.00,0,100
8*8,0.00,0.00,0,100
8*9,0.00,0.00,0,100
8*10,0.00,0.00,0,100
9*1,0.00,0.00,0,100
9*2,0.00,0.00,0,100
9*3,0.00,0.00,0,100
9*4,0.00,0.00,0,100
9*5,0.00,0.00,0,100
9*6,0.00,0.00,0,100
9*7,0.00,0.00,0,100
9*8,0.00,0.00,0,100
9*9,0.00,0.00,0,100
9*10,0.00,0.00,0,100
10*1,2.25,5998.50,2,100
10*2,1.36,1978.00,1,100
10*3,2.22,1094.00,1,100
10*4,1.55,1732.00,1,100
10*5,2.16,1144.00,1,100
10*6,1.14,2377.00,1,100
10*7,1.95,1324.00,1,100
10*8,1.57,1701.00,1,100
10*9,1.52,1762.00,1,100
10*10,2.58,837.00,1,100
1:1,0.00,0.00,0,100
2:1,0.00,0.00,0,100
3:1,0.00,0.00,0,100
4:1,0.00,0.00,0,100
5:1,0.00,0.00,0,100
6:1,0.00,0.00,0,100
7:1,0.00,0.00,0,100
8:1,0.00,0.00,0,100
9:1,0.00,0.00,0,100
10:1,0.00,0.00,0,100
2:2,1.25,2143.00,1,100
4:2,1.24,5810.40,2,100
6:2,0.84,6370.00,1,100
8:2,0.92,4710.00,1,100
10:2,1.78,4822.80,2,100
12:2,1.05,2622.00,1,100
14:2,0.62,19806.50,2,100
16:2,0.00,0.00,0,100
18:2,1.92,3476.30,2,100
20:2,1.98,4173.30,2,100
3:3,0.00,0.00,0,100
6:3,0.00,0.00,0,100
9:3,0.00,0.00,0,100
12:3,0.00,0.00,0,100
15:3,0.00,0.00,0,100
18:3,0.00,0.00,0,100
21:3,0.00,0.00,0,100
24:3,0.00,0.00,0,100
27:3,0.00,0.00,0,100
30:3,0.00,0.00,0,100
4:4,0.90,5152.00,1,100
8:4,1.87,3131.30,2,100
12:4,1.99,3193.50,2,100
16:4,1.44,11619.50,2,100
20:4,1.35,5819.70,2,100
24:4,1.12,2417.00,1,100
28:4,2.00,3170.90,2,100
32:4,0.99,3259.00,1,100
36:4,0.96,3971.00,1,100
40:4,0.99,3291.00,1,100
5:5,0.00,0.00,0,100
10:5,1.28,4040.80,2,100
15:5,1.27,2111.00,1,100
20:5,1.07,7115.40,2,100
25:5,1.51,1778.00,1,100
30:5,0.00,0.00,0,100
35:5,1.94,3434.90,2,100
40:5,2.05,5205.90,3,100
45:5,1.51,11768.40,2,100
50:5,1.11,2443.00,1,100
6:6,0.00,0.00,0,100
12:6,0.00,0.00,0,100
18:6,0.00,0.00,0,100
24:6,0.00,0.00,0,100
30:6,0.00,0.00,0,100
36:6,0.00,0.00,0,100
42:6,0.00,0.00,0,100
48:6,0.00,0.00,0,100
54:6,0.00,0.00,0,100
60:6,0.00,0.00,0,100
7:7,0.00,0.00,0,100
14:7,0.00,0.00,0,100
21:7,0.00,0.00,0,100
28:7,0.00,0.00,0,100
35:7,0.00,0.00,0,100
42:7,0.00,0.00,0,100
49:7,0.00,0.00,0,100
56:7,0.00,0.00,0,100
63:7,0.00,0.00,0,100
70:7,0.00,0.00,0,100
8:8,0.00,0.00,0,100
16:8,0.00,0.00,0,100
24:8,0.00,0.00,0,100
32:8,0.00,0.00,0,100
40:8,0.00,0.00,0,100
48:8,0.00,0.00,0,100
56:8,0.00,0.00,0,100
64:8,0.00,0.00,0,100
72:8,0.00,0.00,0,100
80:8,0.00,0.00,0,100
9:9,0.00,0.00,0,100
18:9,0.00,0.00,0,100
27:9,0.00,0.00,0,100
36:9,0.00,0.00,0,100
45:9,0.00,0.00,0,100
54:9,0.00,0.00,0,100
63:9,0.00,0.00,0,100
72:9,0.00,0.00,0,100
81:9,0.00,0.00,0,100
90:9,0.00,0.00,0,100
10:10,1.70,7835.00,2,100
20:10,0.96,4004.00,1,100
30:10,0.73,8486.00,1,100
40:10,2.19,3769.70,2,100
50:10,1.80,1463.00,1,100
60:10,2.04,1245.00,1,100
70:10,1.94,1332.00,1,100
80:10,1.09,2503.00,1,100
90:10,1.70,4861.60,2,100
100:10,2.11,3690.60,2,100
1*1,0.00,0.00,0,200
1*2,0.00,0.00,0,200
1*3,0.00,0.00,0,200
1*4,0.00,0.00,0,200
1*5,0.00,0.00,0,200
1*6,0.00,0.00,0,200
1*7,0.00,0.00,0,200
1*8,0.00,0.00,0,200
1*9,0.00,0.00,0,200
1*10,0.00,0.00,0,200
2*1,2.36,4053.40,2,200
2*2,2.36,3158.10,2,200
2*3,2.31,2922.40,2,200
2*4,2.95,8490.68,3,200
2*5,3.06,1829.70,2,200
2*6,2.93,3474.55,3,200
2*7,2.98,5420.16,3,200
2*8,2.44,2665.40,2,200
2*9,2.39,5162.90,2,200
2*10,2.47,1145.00,1,200
3*1,1.96,3611.90,2,200
3*2,1.30,2917.00,1,200
3*3,2.21,5441.40,2,200
3*4,0.29,0.00,0,200
3*5,0.29,0.00,0,200
3*6,1.34,4413.70,2,200
3*7,1.16,10477.90,2,200
3*8,1.18,5403.00,1,200
3*9,1.69,11407.70,2,200
3*10,2.71,2049.80,2,200
4*1,2.30,2850.70,2,200
4*2,2.98,1797.70,2,200
4*3,2.74,2751.60,2,200
4*4,3.15,1622.60,2,200
4*5,2.68,4602.40,2,200
4*6,2.47,6403.68,3,200
4*7,3.29,3835.29,4,200
4*8,2.70,6201.18,3,200
4*9,2.91,2670.79,3,200
4*10,2.32,1272.00,1,200
5*1,3.03,1698.30,2,200
5*2,2.79,2026.50,2,200
5*3,2.42,4642.46,3,200
5*4,2.51,3117.90,2,200
5*5,2.42,2522.30,2,200
5*6,2.44,2469.90,2,200
5*7,2.28,3513.50,2,200
5*8,2.51,2335.90,2,200
5*9,2.25,2863.10,2,200
5*10,3.15,1646.70,2,200
6*1,0.00,0.00,0,200
6*2,0.00,0.00,0,200
6*3,0.00,0.00,0,200
6*4,0.00,0.00,0,200
6*5,0.00,0.00,0,200
6*6,0.00,0.00,0,200
6*7,0.00,0.00,0,200
6*8,0.00,0.00,0,200
6*9,0.00,0.00,0,200
6*10,0.00,0.00,0,200
7*1,0.00,0.00,0,200
7*2,0.00,0.00,0,200
7*3,0.00,0.00,0,200
7*4,0.00,0.00,0,200
7*5,0.00,0.00,0,200
7*6,0.00,0.00,0,200
7*7,0.00,0.00,0,200
7*8,0.00,0.00,0,200
7*9,0.00,0.00,0,200
7*10,0.00,0.00,0,200
8*1,0.00,0.00,0,200
8*2,0.00,0.00,0,200
8*3,0.00,0.00,0,200
8*4,0.00,0.00,0,200
8*5,0.00,0.00,0,200
8*6,0.00,0.00,0,200
8*7,0.00,0.00,0,200
8*8,0.00,0.00,0,200
8*9,0.00,0.00,0,200
8*10,0.00,0.00,0,200
9*1,0.00,0.00,0,200
9*2,0.00,0.00,0,200
9*3,0.00,0.00,0,200
9*4,0.00,0.00,0,200
9*5,0.00,0.00,0,200
9*6,0.00,0.00,0,200
9*7,0.00,0.00,0,200
9*8,0.00,0.00,0,200
9*9,0.00,0.00,0,200
9*10,0.00,0.00,0,200
10*1,2.56,5998.50,2,200
10*2,2.45,2514.60,2,200
10*3,2.53,1094.00,1,200
10*4,2.72,2137.40,2,200
10*5,2.47,1144.00,1,200
10*6,2.92,2321.50,2,200
10*7,2.26,1324.00,1,200
10*8,3.10,1752.00,2,200
10*9,2.79,1983.90,2,200
10*10,2.89,837.00,1,200
1:1,0.00,0.00,0,200
2:1,0.00,0.00,0,200
3:1,0.00,0.00,0,200
4:1,0.00,0.00,0,200
5:1,0.00,0.00,0,200
6:1,0.00,0.00,0,200
7:1,0.00,0.00,0,200
8:1,0.00,0.00,0,200
9:1,0.00,0.00,0,200
10:1,0.00,0.00,0,200
2:2,2.84,3649.75,4,200
4:2,2.48,5677.76,3,200
6:2,3.00,6019.46,3,200
8:2,2.41,4467.70,2,200
10:2,3.21,4580.12,3,200
12:2,2.25,2895.90,2,200
14:2,2.79,16893.37,4,200
16:2,0.85,12328.00,1,200
18:2,2.23,3476.30,2,200
20:2,2.29,4173.30,2,200
3:3,1.18,5406.00,1,200
6:3,2.50,8263.54,3,200
9:3,2.75,9858.32,3,200
12:3,0.29,0.00,0,200
15:3,2.44,2425.90,2,200
18:3,2.31,10392.34,5,200
21:3,2.28,3168.10,2,200
24:3,2.86,1877.40,2,200
27:3,3.56,6050.58,3,200
30:3,2.77,2566.30,2,200
4:4,3.15,4888.56,3,200
8:4,2.18,3131.30,2,200
12:4,2.30,3193.50,2,200
16:4,2.70,10862.55,3,200
20:4,2.62,5634.03,3,200
24:4,2.75,2378.50,2,200
28:4,2.31,3170.90,2,200
32:4,3.02,4585.69,4,200
36:4,2.34,3830.70,2,200
40:4,2.29,3299.60,2,200
5:5,2.40,11441.75,3,200
10:5,2.42,4277.52,3,200
15:5,2.59,2202.90,2,200
20:5,2.93,6576.16,3,200
25:5,2.84,1879.10,2,200
30:5,2.77,4945.05,3,200
35:5,3.02,3852.51,3,200
40:5,2.36,5205.90,3,200
45:5,2.80,10933.76,3,200
50:5,2.59,2427.80,2,200
6:6,0.00,0.00,0,200
12:6,0.00,0.00,0,200
18:6,0.00,0.00,0,200
24:6,0.00,0.00,0,200
30:6,0.00,0.00,0,200
36:6,0.00,0.00,0,200
42:6,0.00,0.00,0,200
48:6,0.00,0.00,0,200
54:6,0.00,0.00,0,200
60:6,0.00,0.00,0,200
7:7,0.00,0.00,0,200
14:7,0.00,0.00,0,200
21:7,0.00,0.00,0,200
28:7,0.00,0.00,0,200
35:7,0.00,0.00,0,200
42:7,0.00,0.00,0,200
49:7,0.00,0.00,0,200
56:7,0.00,0.00,0,200
63:7,0.00,0.00,0,200
70:7,0.00,0.00,0,200
8:8,0.00,0.00,0,200
16:8,0.00,0.00,0,200
24:8,0.00,0.00,0,200
32:8,0.00,0.00,0,200
40:8,0.00,0.00,0,200
48:8,0.00,0.00,0,200
56:8,0.00,0.00,0,200
64:8,0.00,0.00,0,200
72:8,0.00,0.00,0,200
80:8,0.00,0.00,0,200
9:9,0.00,0.00,0,200
18:9,0.00,0.00,0,200
27:9,0.00,0.00,0,200
36:9,0.00,0.00,0,200
45:9,0.00,0.00,0,200
54:9,0.00,0.00,0,200
63:9,0.00,0.00,0,200
72:9,0.00,0.00,0,200
81:9,0.00,0.00,0,200
90:9,0.00,0.00,0,200
10:10,3.01,7362.90,3,200
20:10,2.19,4063.10,2,200
30:10,2.83,7834.31,3,200
40:10,2.50,3769.70,2,200
50:10,3.66,1489.40,2,200
60:10,2.35,1245.00,1,200
70:10,2.25,1332.00,1,200
80:10,2.38,2603.90,2,200
90:10,3.03,4655.94,3,200
100:10,2.42,3690.60,2,200
1*1,0.00,0.00,0,300
1*2,0.00,0.00,0,300
1*3,0.00,0.00,0,300
1*4,0.00,0.00,0,300
1*5,0.00,0.00,0,300
1*6,0.00,0.00,0,300
1*7,0.00,0.00,0,300
1*8,0.00,0.00,0,300
1*9,0.00,0.00,0,300
1*10,0.00,0.00,0,300
2*1,2.66,4233.16,3,300
2*2,3.23,3028.89,3,300
2*3,3.03,2840.66,3,300
2*4,3.86,7823.31,4,300
2*5,3.38,2210.33,3,300
2*6,3.27,3632.69,4,300
2*7,3.14,5756.34,4,300
2*8,3.14,3189.52,4,300
2*9,2.96,4885.61,3,300
2*10,3.16,1245.60,2,300
3*1,3.58,3555.65,4,300
3*2,2.74,3078.53,3,300
3*3,2.74,7720.98,9,300
3*4,-0.27,0.00,0,300
3*5,2.98,10944.49,5,300
3*6,2.98,5302.66,7,300
3*7,2.55,9562.41,3,300
3*8,2.92,4885.76,3,300
3*9,2.91,11319.05,5,300
3*10,3.65,2022.92,3,300
4*1,3.21,2748.73,3,300
4*2,3.35,2077.93,3,300
4*3,3.83,2637.64,3,300
4*4,2.59,1622.60,2,300
4*5,2.12,4602.40,2,300
4*6,2.80,6297.81,4,300
4*7,2.73,3835.29,4,300
4*8,3.29,7141.89,5,300
4*9,3.35,2704.11,4,300
4*10,3.23,1327.20,2,300
5*1,3.73,1741.37,3,300
5*2,3.34,2068.25,3,300
5*3,2.97,4420.71,4,300
5*4,3.06,3051.41,3,300
5*5,2.87,2559.37,3,300
5*6,2.53,3224.01,3,300
5*7,2.27,5197.94,4,300
5*8,2.78,2750.31,3,300
5*9,2.60,3085.39,3,300
5*10,2.59,1646.70,2,300
6*1,0.00,0.00,0,300
6*2,0.00,0.00,0,300
6*3,0.00,0.00,0,300
6*4,0.00,0.00,0,300
6*5,0.00,0.00,0,300
6*6,0.00,0.00,0,300
6*7,0.00,0.00,0,300
6*8,0.00,0.00,0,300
6*9,0.00,0.00,0,300
6*10,0.00,0.00,0,300
7*1,0.00,0.00,0,300
7*2,0.00,0.00,0,300
7*3,0.00,0.00,0,300
7*4,0.00,0.00,0,300
7*5,0.00,0.00,0,300
7*6,0.00,0.00,0,300
7*7,0.00,0.00,0,300
7*8,0.00,0.00,0,300
7*9,0.00,0.00,0,300
7*10,0.00,0.00,0,300
8*1,0.00,0.00,0,300
8*2,0.00,0.00,0,300
8*3,0.00,0.00,0,300
8*4,0.00,0.00,0,300
8*5,0.00,0.00,0,300
8*6,0.00,0.00,0,300
8*7,0.00,0.00,0,300
8*8,0.00,0.00,0,300
8*9,0.00,0.00,0,300
8*10,0.00,0.00,0,300
9*1,0.00,0.00,0,300
9*2,0.00,0.00,0,300
9*3,0.00,0.00,0,300
9*4,0.00,0.00,0,300
9*5,0.00,0.00,0,300
9*6,0.00,0.00,0,300
9*7,0.00,0.00,0,300
9*8,0.00,0.00,0,300
9*9,0.00,0.00,0,300
9*10,0.00,0.00,0,300
10*1,3.16,5631.35,3,300
10*2,2.90,2565.84,3,300
10*3,2.98,1287.70,2,300
10*4,2.98,2601.46,3,300
10*5,3.68,1178.50,2,300
10*6,2.36,2321.50,2,300
10*7,2.83,1430.80,2,300
10*8,4.70,1691.10,3,300
10*9,2.23,1983.90,2,300
10*10,4.86,839.90,2,300
1:1,0.00,0.00,0,300
2:1,0.00,0.00,0,300
3:1,0.00,0.00,0,300
4:1,0.00,0.00,0,300
5:1,0.00,0.00,0,300
6:1,0.00,0.00,0,300
7:1,0.00,0.00,0,300
8:1,0.00,0.00,0,300
9:1,0.00,0.00,0,300
10:1,0.00,0.00,0,300
2:2,3.51,3503.38,5,300
4:2,2.58,6103.68,4,300
6:2,2.45,6019.46,3,300
8:2,2.95,5842.95,4,300
10:2,2.66,4580.12,3,300
12:2,2.62,3063.71,3,300
14:2,3.26,15481.23,5,300
16:2,3.52,10548.15,6,300
18:2,2.63,3524.87,3,300
20:2,2.68,4160.57,3,300
3:3,4.12,5086.44,4,300
6:3,2.60,8419.79,4,300
9:3,3.07,9436.19,4,300
12:3,2.00,6265.98,5,300
15:3,2.89,2468.91,3,300
18:3,1.32,9610.31,7,300
21:3,2.72,3150.99,3,300
24:3,2.72,2156.46,3,300
27:3,3.00,6050.58,3,300
30:3,3.43,2528.67,3,300
4:4,2.59,4888.56,3,300
8:4,4.13,3119.02,4,300
12:4,3.13,4291.23,4,300
16:4,3.11,10156.59,4,300
20:4,2.97,5558.73,4,300
24:4,2.19,2378.50,2,300
28:4,2.66,3345.91,3,300
32:4,2.94,4485.43,5,300
36:4,2.72,3867.83,3,300
40:4,2.67,3402.54,3,300
5:5,3.09,10512.17,4,300
10:5,2.64,4595.27,4,300
15:5,2.99,2365.11,3,300
20:5,2.37,6576.16,3,300
25:5,3.55,1901.89,3,300
30:5,2.95,5286.65,4,300
35:5,2.72,5257.66,4,300
40:5,3.12,6460.91,8,300
45:5,2.24,10933.76,3,300
50:5,3.41,2379.52,3,300
6:6,0.00,0.00,0,300
12:6,0.00,0.00,0,300
18:6,0.00,0.00,0,300
24:6,0.00,0.00,0,300
30:6,0.00,0.00,0,300
36:6,0.00,0.00,0,300
42:6,0.00,0.00,0,300
48:6,0.00,0.00,0,300
54:6,0.00,0.00,0,300
60:6,0.00,0.00,0,300
7:7,0.00,0.00,0,300
14:7,0.00,0.00,0,300
21:7,0.00,0.00,0,300
28:7,0.00,0.00,0,300
35:7,0.00,0.00,0,300
42:7,0.00,0.00,0,300
49:7,0.00,0.00,0,300
56:7,0.00,0.00,0,300
63:7,0.00,0.00,0,300
70:7,0.00,0.00,0,300
8:8,0.00,0.00,0,300
16:8,0.00,0.00,0,300
24:8,0.00,0.00,0,300
32:8,0.00,0.00,0,300
40:8,0.00,0.00,0,300
48:8,0.00,0.00,0,300
56:8,0.00,0.00,0,300
64:8,0.00,0.00,0,300
72:8,0.00,0.00,0,300
80:8,0.00,0.00,0,300
9:9,0.00,0.00,0,300
18:9,0.00,0.00,0,300
27:9,0.00,0.00,0,300
36:9,0.00,0.00,0,300
45:9,0.00,0.00,0,300
54:9,0.00,0.00,0,300
63:9,0.00,0.00,0,300
72:9,0.00,0.00,0,300
81:9,0.00,0.00,0,300
90:9,0.00,0.00,0,300
10:10,3.50,6891.21,4,300
20:10,2.64,3952.39,3,300
30:10,3.26,7391.78,4,300
40:10,3.09,3628.83,3,300
50:10,3.10,1489.40,2,300
60:10,3.86,1242.10,2,300
70:10,3.31,1363.50,2,300
80:10,3.30,2524.81,3,300
90:10,3.48,4477.75,4,300
100:10,3.61,3472.94,3,300
1*1,0.00,0.00,0,400
1*2,0.00,0.00,0,400
1*3,0.00,0.00,0,400
1*4,0.00,0.00,0,400
1*5,0.00,0.00,0,400
1*6,0.00,0.00,0,400
1*7,0.00,0.00,0,400
1*8,0.00,0.00,0,400
1*9,0.00,0.00,0,400
1*10,0.00,0.00,0,400
2*1,4.12,3971.44,4,400
2*2,4.61,2897.10,4,400
2*3,3.24,4069.99,4,400
2*4,3.68,7823.31,4,400
2*5,5.01,2134.00,4,400
2*6,3.97,3817.93,5,400
2*7,4.13,5866.90,6,400
2*8,3.90,3296.67,5,400
2*9,3.79,4679.65,4,400
2*10,3.99,1406.94,3,400
3*1,3.39,3555.65,4,400
3*2,3.50,3201.48,4,400
3*3,3.01,7353.88,10,400
3*4,2.87,5153.54,3,400
3*5,3.44,10873.54,6,400
3*6,3.41,5857.10,8,400
3*7,4.24,9035.98,5,400
3*8,3.45,6037.38,5,400
3*9,3.37,11200.84,6,400
3*10,3.47,2022.92,3,400
4*1,4.41,2667.26,4,400
4*2,4.61,2054.94,4,400
4*3,3.65,2637.64,3,400
4*4,4.03,1625.04,3,400
4*5,3.96,4295.23,5,400
4*6,3.67,5932.53,5,400
4*7,3.42,4001.56,6,400
4*8,3.11,7141.89,5,400
4*9,3.82,3433.20,5,400
4*10,4.76,1348.88,3,400
5*1,3.55,1741.37,3,400
5*2,3.16,2068.25,3,400
5*3,3.74,6067.68,6,400
5*4,3.50,3795.17,4,400
5*5,3.50,2968.23,4,400
5*6,3.88,6024.79,6,400
5*7,3.79,5341.93,6,400
5*8,3.92,2677.18,4,400
5*9,3.58,3008.15,4,400
5*10,3.39,1832.73,3,400
6*1,0.00,0.00,0,400
6*2,0.00,0.00,0,400
6*3,0.00,0.00,0,400
6*4,0.00,0.00,0,400
6*5,0.00,0.00,0,400
6*6,0.00,0.00,0,400
6*7,0.00,0.00,0,400
6*8,0.00,0.00,0,400
6*9,0.00,0.00,0,400
6*10,0.00,0.00,0,400
7*1,0.00,0.00,0,400
7*2,0.00,0.00,0,400
7*3,0.00,0.00,0,400
7*4,0.00,0.00,0,400
7*5,0.00,0.00,0,400
7*6,0.00,0.00,0,400
7*7,0.00,0.00,0,400
7*8,0.00,0.00,0,400
7*9,0.00,0.00,0,400
7*10,0.00,0.00,0,400
8*1,0.00,0.00,0,400
8*2,0.00,0.00,0,400
8*3,0.00,0.00,0,400
8*4,0.00,0.00,0,400
8*5,0.00,0.00,0,400
8*6,0.00,0.00,0,400
8*7,0.00,0.00,0,400
8*8,0.00,0.00,0,400
8*9,0.00,0.00,0,400
8*10,0.00,0.00,0,400
9*1,0.00,0.00,0,400
9*2,0.00,0.00,0,400
9*3,0.00,0.00,0,400
9*4,0.00,0.00,0,400
9*5,0.00,0.00,0,400
9*6,0.00,0.00,0,400
9*7,0.00,0.00,0,400
9*8,0.00,0.00,0,400
9*9,0.00,0.00,0,400
9*10,0.00,0.00,0,400
10*1,4.24,5280.21,4,400
10*2,3.70,2651.06,4,400
10*3,3.73,1598.83,3,400
10*4,4.27,2522.71,4,400
10*5,3.50,1178.50,2,400
10*6,3.97,2821.70,4,400
10*7,4.37,1441.32,3,400
10*8,4.52,1691.10,3,400
10*9,3.76,1940.11,3,400
10*10,4.67,839.90,2,400
1:1,0.00,0.00,0,400
2:1,0.00,0.00,0,400
3:1,0.00,0.00,0,400
4:1,0.00,0.00,0,400
5:1,0.00,0.00,0,400
6:1,0.00,0.00,0,400
7:1,0.00,0.00,0,400
8:1,0.00,0.00,0,400
9:1,0.00,0.00,0,400
10:1,0.00,0.00,0,400
2:2,3.32,3503.38,5,400
4:2,4.15,7359.39,11,400
6:2,3.53,5629.71,4,400
8:2,3.74,5617.15,5,400
10:2,4.25,4713.48,5,400
12:2,3.42,3101.94,4,400
14:2,4.66,14101.11,6,400
16:2,3.33,10548.15,6,400
18:2,3.45,3483.58,4,400
20:2,3.35,4357.21,4,400
3:3,3.93,5086.44,4,400
6:3,3.03,8656.91,5,400
9:3,3.54,9492.97,5,400
12:3,4.29,6176.00,8,400
15:3,3.65,2648.12,4,400
18:3,4.01,8415.56,11,400
21:3,4.18,4322.43,5,400
24:3,3.52,2284.71,4,400
27:3,4.00,6956.35,5,400
30:3,4.41,2508.70,4,400
4:4,3.66,4612.90,4,400
8:4,3.95,3119.02,4,400
12:4,3.12,4814.01,6,400
16:4,3.92,9465.64,5,400
20:4,3.78,5327.95,5,400
24:4,4.00,2544.73,4,400
28:4,3.45,3370.52,4,400
32:4,3.50,4855.58,6,400
36:4,3.54,3781.45,4,400
40:4,3.48,3374.89,4,400
5:5,3.91,9763.96,5,400
10:5,3.45,4457.34,5,400
15:5,4.23,2316.50,4,400
20:5,4.11,6081.11,5,400
25:5,3.37,1901.89,3,400
30:5,3.28,6024.38,5,400
35:5,3.44,5239.69,5,400
40:5,3.41,7168.32,9,400
45:5,3.92,9907.50,6,400
50:5,4.34,2386.97,4,400
6:6,0.00,0.00,0,400
12:6,0.00,0.00,0,400
18:6,0.00,0.00,0,400
24:6,0.00,0.00,0,400
30:6,0.00,0.00,0,400
36:6,0.00,0.00,0,400
42:6,0.00,0.00,0,400
48:6,0.00,0.00,0,400
54:6,0.00,0.00,0,400
60:6,0.00,0.00,0,400
7:7,0.00,0.00,0,400
14:7,0.00,0.00,0,400
21:7,0.00,0.00,0,400
28:7,0.00,0.00,0,400
35:7,0.00,0.00,0,400
42:7,0.00,0.00,0,400
49:7,0.00,0.00,0,400
56:7,0.00,0.00,0,400
63:7,0.00,0.00,0,400
70:7,0.00,0.00,0,400
8:8,0.00,0.00,0,400
16:8,0.00,0.00,0,400
24:8,0.00,0.00,0,400
32:8,0.00,0.00,0,400
40:8,0.00,0.00,0,400
48:8,0.00,0.00,0,400
56:8,0.00,0.00,0,400
64:8,0.00,0.00,0,400
72:8,0.00,0.00,0,400
80:8,0.00,0.00,0,400
9:9,0.00,0.00,0,400
18:9,0.00,0.00,0,400
27:9,0.00,0.00,0,400
36:9,0.00,0.00,0,400
45:9,0.00,0.00,0,400
54:9,0.00,0.00,0,400
63:9,0.00,0.00,0,400
72:9,0.00,0.00,0,400
81:9,0.00,0.00,0,400
90:9,0.00,0.00,0,400
10:10,3.32,6891.21,4,400
20:10,3.41,3949.75,4,400
30:10,4.10,6931.70,5,400
40:10,3.87,3643.45,4,400
50:10,4.24,1543.36,3,400
60:10,3.68,1242.10,2,400
70:10,3.13,1363.50,2,400
80:10,4.88,2421.93,4,400
90:10,4.44,4265.57,5,400
100:10,3.42,3472.94,3,400
1*1,0.00,0.00,0,400
1*2,0.00,0.00,0,400
1*3,0.00,0.00,0,400
1*4,0.00,0.00,0,400
1*5,0.00,0.00,0,400
1*6,0.00,0.00,0,400
1*7,0.00,0.00,0,400
1*8,0.00,0.00,0,400
1*9,0.00,0.00,0,400
1*10,0.00,0.00,0,400
2*1,4.12,3971.44,4,400
2*2,4.61,2897.10,4,400
2*3,3.23,4069.99,4,400
2*4,3.68,7823.31,4,400
2*5,5.00,2134.00,4,400
2*6,3.96,3817.93,5,400
2*7,4.12,5866.90,6,400
2*8,3.89,3296.67,5,400
2*9,3.79,4679.65,4,400
2*10,3.98,1406.94,3,400
3*1,3.39,3555.65,4,400
3*2,3.49,3201.48,4,400
3*3,2.35,8223.89,11,400
3*4,2.87,5153.54,3,400
3*5,3.44,10873.54,6,400
3*6,3.40,5857.10,8,400
3*7,4.23,9035.98,5,400
3*8,3.44,6037.38,5,400
3*9,3.37,11200.84,6,400
3*10,3.46,2022.92,3,400
4*1,4.40,2667.26,4,400
4*2,4.61,2054.94,4,400
4*3,3.64,2637.64,3,400
4*4,4.02,1625.04,3,400
4*5,3.95,4295.23,5,400
4*6,3.66,5932.53,5,400
4*7,3.42,4001.56,6,400
4*8,3.10,7141.89,5,400
4*9,3.82,3433.20,5,400
4*10,4.75,1348.88,3,400
5*1,3.54,1741.37,3,400
5*2,3.15,2068.25,3,400
5*3,3.74,6067.68,6,400
5*4,3.50,3795.17,4,400
5*5,3.50,2968.23,4,400
5*6,3.88,6024.79,6,400
5*7,3.79,5341.93,6,400
5*8,3.92,2677.18,4,400
5*9,3.57,3008.15,4,400
5*10,3.38,1832.73,3,400
6*1,0.00,0.00,0,400
6*2,0.00,0.00,0,400
6*3,0.00,0.00,0,400
6*4,0.00,0.00,0,400
6*5,0.00,0.00,0,400
6*6,0.00,0.00,0,400
6*7,0.00,0.00,0,400
6*8,0.00,0.00,0,400
6*9,0.00,0.00,0,400
6*10,0.00,0.00,0,400
7*1,0.00,0.00,0,400
7*2,0.00,0.00,0,400
7*3,0.00,0.00,0,400
7*4,0.00,0.00,0,400
7*5,0.00,0.00,0,400
7*6,0.00,0.00,0,400
7*7,0.00,0.00,0,400
7*8,0.00,0.00,0,400
7*9,0.00,0.00,0,400
7*10,0.00,0.00,0,400
8*1,0.00,0.00,0,400
8*2,0.00,0.00,0,400
8*3,0.00,0.00,0,400
8*4,0.00,0.00,0,400
8*5,0.00,0.00,0,400
8*6,0.00,0.00,0,400
8*7,0.00,0.00,0,400
8*8,0.00,0.00,0,400
8*9,0.00,0.00,0,400
8*10,0.00,0.00,0,400
9*1,0.00,0.00,0,400
9*2,0.00,0.00,0,400
9*3,0.00,0.00,0,400
9*4,0.00,0.00,0,400
9*5,0.00,0.00,0,400
9*6,0.00,0.00,0,400
9*7,0.00,0.00,0,400
9*8,0.00,0.00,0,400
9*9,0.00,0.00,0,400
9*10,0.00,0.00,0,400
10*1,4.24,5280.21,4,400
10*2,3.69,2651.06,4,400
10*3,3.73,1598.83,3,400
10*4,4.27,2522.71,4,400
10*5,3.49,1178.50,2,400
10*6,3.97,2821.70,4,400
10*7,4.36,1441.32,3,400
10*8,4.51,1691.10,3,400
10*9,3.75,1940.11,3,400
10*10,4.67,839.90,2,400
1:1,0.00,0.00,0,400
2:1,0.00,0.00,0,400
3:1,0.00,0.00,0,400
4:1,0.00,0.00,0,400
5:1,0.00,0.00,0,400
6:1,0.00,0.00,0,400
7:1,0.00,0.00,0,400
8:1,0.00,0.00,0,400
9:1,0.00,0.00,0,400
10:1,0.00,0.00,0,400
2:2,4.10,3893.94,6,400
4:2,4.14,7359.39,11,400
6:2,3.52,5629.71,4,400
8:2,3.74,5617.15,5,400
10:2,4.24,4713.48,5,400
12:2,3.41,3101.94,4,400
14:2,4.66,14101.11,6,400
16:2,3.33,10548.15,6,400
18:2,3.44,3483.58,4,400
20:2,3.34,4357.21,4,400
3:3,3.93,5086.44,4,400
6:3,3.03,8656.91,5,400
9:3,3.53,9492.97,5,400
12:3,4.29,6176.00,8,400
15:3,3.65,2648.12,4,400
18:3,4.01,8415.56,11,400
21:3,4.17,4322.43,5,400
24:3,3.51,2284.71,4,400
27:3,3.99,6956.35,5,400
30:3,4.40,2508.70,4,400
4:4,3.66,4612.90,4,400
8:4,3.95,3119.02,4,400
12:4,3.11,4814.01,6,400
16:4,3.91,9465.64,5,400
20:4,3.78,5327.95,5,400
24:4,3.99,2544.73,4,400
28:4,3.45,3370.52,4,400
32:4,3.49,4855.58,6,400
36:4,3.54,3781.45,4,400
40:4,3.48,3374.89,4,400
5:5,3.90,9763.96,5,400
10:5,3.45,4457.34,5,400
15:5,4.23,2316.50,4,400
20:5,4.10,6081.11,5,400
25:5,3.36,1901.89,3,400
30:5,3.28,6024.38,5,400
35:5,3.43,5239.69,5,400
40:5,3.40,7168.32,9,400
45:5,3.92,9907.50,6,400
50:5,4.33,2386.97,4,400
6:6,0.00,0.00,0,400
12:6,0.00,0.00,0,400
18:6,0.00,0.00,0,400
24:6,0.00,0.00,0,400
30:6,0.00,0.00,0,400
36:6,0.00,0.00,0,400
42:6,0.00,0.00,0,400
48:6,0.00,0.00,0,400
54:6,0.00,0.00,0,400
60:6,0.00,0.00,0,400
7:7,0.00,0.00,0,400
14:7,0.00,0.00,0,400
21:7,0.00,0.00,0,400
28:7,0.00,0.00,0,400
35:7,0.00,0.00,0,400
42:7,0.00,0.00,0,400
49:7,0.00,0.00,0,400
56:7,0.00,0.00,0,400
63:7,0.00,0.00,0,400
70:7,0.00,0.00,0,400
8:8,0.00,0.00,0,400
16:8,0.00,0.00,0,400
24:8,0.00,0.00,0,400
32:8,0.00,0.00,0,400
40:8,0.00,0.00,0,400
48:8,0.00,0.00,0,400
56:8,0.00,0.00,0,400
64:8,0.00,0.00,0,400
72:8,0.00,0.00,0,400
80:8,0.00,0.00,0,400
9:9,0.00,0.00,0,400
18:9,0.00,0.00,0,400
27:9,0.00,0.00,0,400
36:9,0.00,0.00,0,400
45:9,0.00,0.00,0,400
54:9,0.00,0.00,0,400
63:9,0.00,0.00,0,400
72:9,0.00,0.00,0,400
81:9,0.00,0.00,0,400
90:9,0.00,0.00,0,400
10:10,3.31,6891.21,4,400
20:10,3.41,3949.75,4,400
30:10,4.09,6931.70,5,400
40:10,3.86,3643.45,4,400
50:10,4.23,1543.36,3,400
60:10,3.67,1242.10,2,400
70:10,3.12,1363.50,2,400
80:10,4.87,2421.93,4,400
90:10,4.43,4265.57,5,400
100:10,3.42,3472.94,3,400
1*1,0.00,0.00,0,500
1*2,0.00,0.00,0,500
1*3,0.00,0.00,0,500
1*4,0.00,0.00,0,500
1*5,0.00,0.00,0,500
1*6,0.00,0.00,0,500
1*7,0.00,0.00,0,500
1*8,0.00,0.00,0,500
1*9,0.00,0.00,0,500
1*10,0.00,0.00,0,500
2*1,4.22,3803.60,5,500
2*2,4.04,2897.10,4,500
2*3,4.70,4601.45,7,500
2*4,4.06,7440.18,5,500
2*5,4.43,2134.00,4,500
2*6,4.86,3619.03,6,500
2*7,5.22,5439.31,7,500
2*8,4.36,3236.60,6,500
2*9,4.22,4510.38,5,500
2*10,5.85,1359.65,4,500
3*1,4.88,3322.78,5,500
3*2,3.93,3182.03,5,500
3*3,5.01,7400.78,15,500
3*4,3.90,4804.19,4,500
3*5,4.95,10079.07,8,500
3*6,2.72,7759.32,14,500
3*7,4.68,8415.58,6,500
3*8,3.68,6837.20,7,500
3*9,3.59,10812.46,7,500
3*10,5.10,2430.54,5,500
4*1,5.95,2518.03,5,500
4*2,4.04,2054.94,4,500
4*3,4.07,2691.08,4,500
4*4,5.39,1595.94,4,500
4*5,4.46,4120.91,6,500
4*6,4.10,5633.58,6,500
4*7,3.66,4298.51,7,500
4*8,4.12,9541.75,10,500
4*9,4.25,3397.08,6,500
4*10,4.18,1348.88,3,500
5*1,2.97,1741.37,3,500
5*2,4.15,2032.03,4,500
5*3,4.22,5721.81,7,500
5*4,4.94,3542.35,5,500
5*5,4.31,2865.51,5,500
5*6,4.37,5681.71,7,500
5*7,4.08,5390.23,7,500
5*8,4.25,2911.96,5,500
5*9,4.78,3427.97,6,500
5*10,4.49,1807.66,4,500
6*1,0.00,0.00,0,500
6*2,0.00,0.00,0,500
6*3,0.00,0.00,0,500
6*4,0.00,0.00,0,500
6*5,0.00,0.00,0,500
6*6,0.00,0.00,0,500
6*7,0.00,0.00,0,500
6*8,0.00,0.00,0,500
6*9,0.00,0.00,0,500
6*10,0.00,0.00,0,500
7*1,0.00,0.00,0,500
7*2,0.00,0.00,0,500
7*3,0.00,0.00,0,500
7*4,0.00,0.00,0,500
7*5,0.00,0.00,0,500
7*6,0.00,0.00,0,500
7*7,0.00,0.00,0,500
7*8,0.00,0.00,0,500
7*9,0.00,0.00,0,500
7*10,0.00,0.00,0,500
8*1,0.00,0.00,0,500
8*2,0.00,0.00,0,500
8*3,0.00,0.00,0,500
8*4,0.00,0.00,0,500
8*5,0.00,0.00,0,500
8*6,0.00,0.00,0,500
8*7,0.00,0.00,0,500
8*8,0.00,0.00,0,500
8*9,0.00,0.00,0,500
8*10,0.00,0.00,0,500
9*1,0.00,0.00,0,500
9*2,0.00,0.00,0,500
9*3,0.00,0.00,0,500
9*4,0.00,0.00,0,500
9*5,0.00,0.00,0,500
9*6,0.00,0.00,0,500
9*7,0.00,0.00,0,500
9*8,0.00,0.00,0,500
9*9,0.00,0.00,0,500
9*10,0.00,0.00,0,500
10*1,3.67,5280.21,4,500
10*2,4.60,2566.95,5,500
10*3,5.23,1560.15,4,500
10*4,3.70,2522.71,4,500
10*5,4.18,1273.75,3,500
10*6,4.45,2804.13,5,500
10*7,4.57,2045.39,4,500
10*8,3.94,1691.10,3,500
10*9,4.48,1952.70,4,500
10*10,4.10,839.90,2,500
1:1,0.00,0.00,0,500
2:1,0.00,0.00,0,500
3:1,0.00,0.00,0,500
4:1,0.00,0.00,0,500
5:1,0.00,0.00,0,500
6:1,0.00,0.00,0,500
7:1,0.00,0.00,0,500
8:1,0.00,0.00,0,500
9:1,0.00,0.00,0,500
10:1,0.00,0.00,0,500
2:2,4.25,4374.24,7,500
4:2,4.39,7304.15,12,500
6:2,3.81,5652.84,5,500
8:2,3.95,5792.64,6,500
10:2,4.68,4546.13,6,500
12:2,3.89,3055.85,5,500
14:2,4.09,14101.11,6,500
16:2,4.57,9504.92,8,500
18:2,4.23,7058.42,8,500
20:2,4.79,4097.58,6,500
3:3,4.29,5016.30,5,500
6:3,3.82,8823.21,7,500
9:3,3.89,9000.47,6,500
12:3,3.72,6176.00,8,500
15:3,4.24,2615.51,5,500
18:3,2.44,8415.56,12,500
21:3,5.26,4050.19,6,500
24:3,3.86,5404.59,7,500
27:3,4.28,6862.61,6,500
30:3,3.83,2508.70,4,500
4:4,4.45,4348.91,5,500
8:4,4.11,3648.12,5,500
12:4,3.98,5588.06,8,500
16:4,4.30,8914.17,6,500
20:4,4.20,5130.36,6,500
24:4,4.45,5327.85,7,500
28:4,4.82,3481.42,6,500
32:4,4.30,5735.93,8,500
36:4,3.95,3752.40,5,500
40:4,4.32,3227.20,5,500
5:5,4.44,9032.36,6,500
10:5,3.84,4397.91,6,500
15:5,3.66,2316.50,4,500
20:5,4.66,5711.90,6,500
25:5,4.52,1865.10,4,500
30:5,3.84,5662.04,6,500
35:5,3.85,6797.70,7,500
40:5,3.67,7088.19,10,500
45:5,4.16,9604.85,7,500
50:5,3.76,2386.97,4,500
6:6,0.00,0.00,0,500
12:6,0.00,0.00,0,500
18:6,0.00,0.00,0,500
24:6,0.00,0.00,0,500
30:6,0.00,0.00,0,500
36:6,0.00,0.00,0,500
42:6,0.00,0.00,0,500
48:6,0.00,0.00,0,500
54:6,0.00,0.00,0,500
60:6,0.00,0.00,0,500
7:7,0.00,0.00,0,500
14:7,0.00,0.00,0,500
21:7,0.00,0.00,0,500
28:7,0.00,0.00,0,500
35:7,0.00,0.00,0,500
42:7,0.00,0.00,0,500
49:7,0.00,0.00,0,500
56:7,0.00,0.00,0,500
63:7,0.00,0.00,0,500
70:7,0.00,0.00,0,500
8:8,0.00,0.00,0,500
16:8,0.00,0.00,0,500
24:8,0.00,0.00,0,500
32:8,0.00,0.00,0,500
40:8,0.00,0.00,0,500
48:8,0.00,0.00,0,500
56:8,0.00,0.00,0,500
64:8,0.00,0.00,0,500
72:8,0.00,0.00,0,500
80:8,0.00,0.00,0,500
9:9,0.00,0.00,0,500
18:9,0.00,0.00,0,500
27:9,0.00,0.00,0,500
36:9,0.00,0.00,0,500
45:9,0.00,0.00,0,500
54:9,0.00,0.00,0,500
63:9,0.00,0.00,0,500
72:9,0.00,0.00,0,500
81:9,0.00,0.00,0,500
90:9,0.00,0.00,0,500
10:10,3.99,6416.79,5,500
20:10,4.18,3754.48,5,500
30:10,5.35,6381.63,6,500
40:10,5.10,3424.40,5,500
50:10,5.43,1538.62,4,500
60:10,4.05,1528.69,3,500
70:10,4.04,1406.55,3,500
80:10,4.30,2421.93,4,500
90:10,3.87,4265.57,5,500
100:10,3.96,3368.55,4,500
1*1,0.00,0.00,0,500
1*2,0.00,0.00,0,500
1*3,0.00,0.00,0,500
1*4,0.00,0.00,0,500
1*5,0.00,0.00,0,500
1*6,0.00,0.00,0,500
1*7,0.00,0.00,0,500
1*8,0.00,0.00,0,500
1*9,0.00,0.00,0,500
1*10,0.00,0.00,0,500
2*1,4.22,3803.60,5,500
2*2,4.04,2897.10,4,500
2*3,4.70,4601.45,7,500
2*4,4.06,7440.18,5,500
2*5,4.43,2134.00,4,500
2*6,4.86,3619.03,6,500
2*7,5.22,5439.31,7,500
2*8,4.36,3236.60,6,500
2*9,4.22,4510.38,5,500
2*10,5.85,1359.65,4,500
3*1,4.88,3322.78,5,500
3*2,3.93,3182.03,5,500
3*3,5.01,7400.78,15,500
3*4,3.90,4804.19,4,500
3*5,4.95,10079.07,8,500
3*6,2.72,7759.32,14,500
3*7,4.68,8415.58,6,500
3*8,3.68,6837.20,7,500
3*9,3.59,10812.46,7,500
3*10,5.10,2430.54,5,500
4*1,5.95,2518.03,5,500
4*2,4.04,2054.94,4,500
4*3,4.07,2691.08,4,500
4*4,5.39,1595.94,4,500
4*5,4.45,4120.91,6,500
4*6,4.10,5633.58,6,500
4*7,3.65,4298.51,7,500
4*8,4.12,9541.75,10,500
4*9,4.25,3397.08,6,500
4*10,4.18,1348.88,3,500
5*1,2.97,1741.37,3,500
5*2,4.15,2032.03,4,500
5*3,4.22,5721.81,7,500
5*4,4.94,3542.35,5,500
5*5,4.31,2865.51,5,500
5*6,4.37,5681.71,7,500
5*7,4.08,5390.23,7,500
5*8,4.25,2911.96,5,500
5*9,4.78,3427.97,6,500
5*10,4.49,1807.66,4,500
6*1,0.00,0.00,0,500
6*2,0.00,0.00,0,500
6*3,0.00,0.00,0,500
6*4,0.00,0.00,0,500
6*5,0.00,0.00,0,500
6*6,0.00,0.00,0,500
6*7,0.00,0.00,0,500
6*8,0.00,0.00,0,500
6*9,0.00,0.00,0,500
6*10,0.00,0.00,0,500
7*1,0.00,0.00,0,500
7*2,0.00,0.00,0,500
7*3,0.00,0.00,0,500
7*4,0.00,0.00,0,500
7*5,0.00,0.00,0,500
7*6,0.00,0.00,0,500
7*7,0.00,0.00,0,500
7*8,0.00,0.00,0,500
7*9,0.00,0.00,0,500
7*10,0.00,0.00,0,500
8*1,0.00,0.00,0,500
8*2,0.00,0.00,0,500
8*3,0.00,0.00,0,500
8*4,0.00,0.00,0,500
8*5,0.00,0.00,0,500
8*6,0.00,0.00,0,500
8*7,0.00,0.00,0,500
8*8,0.00,0.00,0,500
8*9,0.00,0.00,0,500
8*10,0.00,0.00,0,500
9*1,0.00,0.00,0,500
9*2,0.00,0.00,0,500
9*3,0.00,0.00,0,500
9*4,0.00,0.00,0,500
9*5,0.00,0.00,0,500
9*6,0.00,0.00,0,500
9*7,0.00,0.00,0,500
9*8,0.00,0.00,0,500
9*9,0.00,0.00,0,500
9*10,0.00,0.00,0,500
10*1,3.67,5280.21,4,500
10*2,4.60,2566.95,5,500
10*3,5.23,1560.15,4,500
10*4,3.70,2522.71,4,500
10*5,4.18,1273.75,3,500
10*6,4.45,2804.13,5,500
10*7,4.57,2045.39,4,500
10*8,3.94,1691.10,3,500
10*9,4.48,1952.70,4,500
10*10,4.10,839.90,2,500
1:1,0.00,0.00,0,500
2:1,0.00,0.00,0,500
3:1,0.00,0.00,0,500
4:1,0.00,0.00,0,500
5:1,0.00,0.00,0,500
6:1,0.00,0.00,0,500
7:1,0.00,0.00,0,500
8:1,0.00,0.00,0,500
9:1,0.00,0.00,0,500
10:1,0.00,0.00,0,500
2:2,4.25,4374.24,7,500
4:2,4.39,7304.15,12,500
6:2,3.81,5652.84,5,500
8:2,3.95,5792.64,6,500
10:2,4.68,4546.13,6,500
12:2,3.89,3055.85,5,500
14:2,4.09,14101.11,6,500
16:2,4.57,9504.92,8,500
18:2,4.23,7058.42,8,500
20:2,4.79,4097.58,6,500
3:3,4.29,5016.30,5,500
6:3,3.82,8823.21,7,500
9:3,3.89,9000.47,6,500
12:3,3.72,6176.00,8,500
15:3,4.24,2615.51,5,500
18:3,2.44,8415.56,12,500
21:3,5.26,4050.19,6,500
24:3,3.36,5404.59,7,500
27:3,4.28,6862.61,6,500
30:3,3.83,2508.70,4,500
4:4,4.44,4348.91,5,500
8:4,4.11,3648.12,5,500
12:4,3.98,5588.06,8,500
16:4,4.30,8914.17,6,500
20:4,4.19,5130.36,6,500
24:4,4.45,5327.85,7,500
28:4,4.81,3481.42,6,500
32:4,4.30,5735.93,8,500
36:4,3.95,3752.40,5,500
40:4,4.32,3227.20,5,500
5:5,4.44,9032.36,6,500
10:5,3.84,4397.91,6,500
15:5,3.66,2316.50,4,500
20:5,4.66,5711.90,6,500
25:5,4.52,1865.10,4,500
30:5,3.83,5662.04,6,500
35:5,4.07,7975.93,8,500
40:5,3.67,7088.19,10,500
45:5,4.16,9604.85,7,500
50:5,3.76,2386.97,4,500
6:6,0.00,0.00,0,500
12:6,0.00,0.00,0,500
18:6,0.00,0.00,0,500
24:6,0.00,0.00,0,500
30:6,0.00,0.00,0,500
36:6,0.00,0.00,0,500
42:6,0.00,0.00,0,500
48:6,0.00,0.00,0,500
54:6,0.00,0.00,0,500
60:6,0.00,0.00,0,500
7:7,0.00,0.00,0,500
14:7,0.00,0.00,0,500
21:7,0.00,0.00,0,500
28:7,0.00,0.00,0,500
35:7,0.00,0.00,0,500
42:7,0.00,0.00,0,500
49:7,0.00,0.00,0,500
56:7,0.00,0.00,0,500
63:7,0.00,0.00,0,500
70:7,0.00,0.00,0,500
8:8,0.00,0.00,0,500
16:8,0.00,0.00,0,500
24:8,0.00,0.00,0,500
32:8,0.00,0.00,0,500
40:8,0.00,0.00,0,500
48:8,0.00,0.00,0,500
56:8,0.00,0.00,0,500
64:8,0.00,0.00,0,500
72:8,0.00,0.00,0,500
80:8,0.00,0.00,0,500
9:9,0.00,0.00,0,500
18:9,0.00,0.00,0,500
27:9,0.00,0.00,0,500
36:9,0.00,0.00,0,500
45:9,0.00,0.00,0,500
54:9,0.00,0.00,0,500
63:9,0.00,0.00,0,500
72:9,0.00,0.00,0,500
81:9,0.00,0.00,0,500
90:9,0.00,0.00,0,500
10:10,3.99,6416.79,5,500
20:10,4.18,3754.48,5,500
30:10,5.35,6381.63,6,500
40:10,5.10,3424.40,5,500
50:10,5.42,1538.62,4,500
60:10,4.05,1528.69,3,500
70:10,4.04,1406.55,3,500
80:10,4.30,2421.93,4,500
90:10,3.86,4265.57,5,500
100:10,3.96,3368.55,4,500
1*1,0.00,0.00,0,600
1*2,0.00,0.00,0,600
1*3,0.00,0.00,0,600
1*4,0.00,0.00,0,600
1*5,0.00,0.00,0,600
1*6,0.00,0.00,0,600
1*7,0.00,0.00,0,600
1*8,0.00,0.00,0,600
1*9,0.00,0.00,0,600
1*10,0.00,0.00,0,600
2*1,5.50,3563.04,6,600
2*2,4.81,2804.19,5,600
2*3,5.16,4406.71,8,600
2*4,4.70,8176.83,7,600
2*5,5.23,2114.80,5,600
2*6,5.25,3612.23,7,600
2*7,4.64,5439.31,7,600
2*8,4.61,3562.34,7,600
2*9,5.05,4248.75,6,600
2*10,5.26,1359.65,4,600
3*1,6.40,3108.81,6,600
3*2,4.61,3075.83,6,600
3*3,4.43,7400.78,15,600
3*4,5.25,4608.71,6,600
3*5,4.37,10079.07,8,600
3*6,3.06,8823.86,16,600
3*7,5.21,8114.02,8,600
3*8,5.30,6225.05,9,600
3*9,4.87,9870.41,8,600
3*10,4.52,2430.54,5,600
4*1,5.37,2518.03,5,600
4*2,4.88,2037.14,5,600
4*3,4.45,2797.97,5,600
4*4,4.80,1595.94,4,600
4*5,5.13,3922.32,7,600
4*6,4.30,5800.52,7,600
4*7,4.22,4103.56,8,600
4*8,4.35,9270.68,11,600
4*9,4.88,3278.77,7,600
4*10,4.93,1415.09,4,600
5*1,4.85,1840.02,5,600
5*2,5.18,1993.72,5,600
5*3,5.40,5299.33,8,600
5*4,4.36,3542.35,5,600
5*5,5.57,2720.36,6,600
5*6,4.93,5347.84,8,600
5*7,4.48,6830.72,9,600
5*8,4.53,3204.06,6,600
5*9,4.20,3427.97,6,600
5*10,4.82,2106.09,5,600
6*1,0.00,0.00,0,600
6*2,0.00,0.00,0,600
6*3,0.00,0.00,0,600
6*4,0.00,0.00,0,600
6*5,0.00,0.00,0,600
6*6,0.00,0.00,0,600
6*7,0.00,0.00,0,600
6*8,0.00,0.00,0,600
6*9,0.00,0.00,0,600
6*10,0.00,0.00,0,600
7*1,0.00,0.00,0,600
7*2,0.00,0.00,0,600
7*3,0.00,0.00,0,600
7*4,0.00,0.00,0,600
7*5,0.00,0.00,0,600
7*6,0.00,0.00,0,600
7*7,0.00,0.00,0,600
7*8,0.00,0.00,0,600
7*9,0.00,0.00,0,600
7*10,0.00,0.00,0,600
8*1,0.00,0.00,0,600
8*2,0.00,0.00,0,600
8*3,0.00,0.00,0,600
8*4,0.00,0.00,0,600
8*5,0.00,0.00,0,600
8*6,0.00,0.00,0,600
8*7,0.00,0.00,0,600
8*8,0.00,0.00,0,600
8*9,0.00,0.00,0,600
8*10,0.00,0.00,0,600
9*1,0.00,0.00,0,600
9*2,0.00,0.00,0,600
9*3,0.00,0.00,0,600
9*4,0.00,0.00,0,600
9*5,0.00,0.00,0,600
9*6,0.00,0.00,0,600
9*7,0.00,0.00,0,600
9*8,0.00,0.00,0,600
9*9,0.00,0.00,0,600
9*10,0.00,0.00,0,600
10*1,5.58,4991.05,6,600
10*2,6.48,2401.96,6,600
10*3,4.65,1560.15,4,600
10*4,5.02,2406.24,5,600
10*5,4.58,1493.28,4,600
10*6,5.88,2650.21,6,600
10*7,6.65,1918.55,5,600
10*8,4.37,1804.49,4,600
10*9,5.92,1883.43,5,600
10*10,5.73,866.11,3,600
1:1,0.00,0.00,0,600
2:1,0.00,0.00,0,600
3:1,0.00,0.00,0,600
4:1,0.00,0.00,0,600
5:1,0.00,0.00,0,600
6:1,0.00,0.00,0,600
7:1,0.00,0.00,0,600
8:1,0.00,0.00,0,600
9:1,0.00,0.00,0,600
10:1,0.00,0.00,0,600
2:2,4.71,4205.12,8,600
4:2,4.76,6964.74,13,600
6:2,4.74,6073.18,7,600
8:2,4.33,5604.47,7,600
10:2,4.98,4617.02,7,600
12:2,4.55,2965.86,6,600
14:2,4.72,12912.09,8,600
16:2,3.98,9504.92,8,600
18:2,5.19,6525.68,9,600
20:2,5.22,3975.82,7,600
3:3,4.69,4863.37,6,600
6:3,5.09,9164.17,10,600
9:3,4.55,8315.32,7,600
12:3,4.60,6575.37,10,600
15:3,4.55,2873.86,6,600
18:3,5.07,6977.33,15,600
21:3,4.68,4050.19,6,600
24:3,3.72,5291.23,9,600
27:3,5.11,8360.22,8,600
30:3,4.16,2751.03,5,600
4:4,5.39,4089.12,6,600
8:4,4.49,3655.01,6,600
12:4,4.33,5477.65,9,600
16:4,4.68,8395.66,7,600
20:4,4.50,5154.52,7,600
24:4,4.92,5054.47,8,600
28:4,4.23,3481.42,6,600
32:4,4.08,5738.54,9,600
36:4,4.35,3712.56,6,600
40:4,4.74,3202.98,6,600
5:5,5.15,8336.33,7,600
10:5,4.71,4253.30,8,600
15:5,4.58,2262.45,5,600
20:5,5.51,5327.81,7,600
25:5,5.41,1860.19,5,600
30:5,4.56,5515.34,8,600
35:5,4.34,7779.24,9,600
40:5,4.04,6783.27,11,600
45:5,4.55,9000.77,8,600
50:5,4.60,2335.97,5,600
6:6,0.00,0.00,0,600
12:6,0.00,0.00,0,600
18:6,0.00,0.00,0,600
24:6,0.00,0.00,0,600
30:6,0.00,0.00,0,600
36:6,0.00,0.00,0,600
42:6,0.00,0.00,0,600
48:6,0.00,0.00,0,600
54:6,0.00,0.00,0,600
60:6,0.00,0.00,0,600
7:7,0.00,0.00,0,600
14:7,0.00,0.00,0,600
21:7,0.00,0.00,0,600
28:7,0.00,0.00,0,600
35:7,0.00,0.00,0,600
42:7,0.00,0.00,0,600
49:7,0.00,0.00,0,600
56:7,0.00,0.00,0,600
63:7,0.00,0.00,0,600
70:7,0.00,0.00,0,600
8:8,0.00,0.00,0,600
16:8,0.00,0.00,0,600
24:8,0.00,0.00,0,600
32:8,0.00,0.00,0,600
40:8,0.00,0.00,0,600
48:8,0.00,0.00,0,600
56:8,0.00,0.00,0,600
64:8,0.00,0.00,0,600
72:8,0.00,0.00,0,600
80:8,0.00,0.00,0,600
9:9,0.00,0.00,0,600
18:9,0.00,0.00,0,600
27:9,0.00,0.00,0,600
36:9,0.00,0.00,0,600
45:9,0.00,0.00,0,600
54:9,0.00,0.00,0,600
63:9,0.00,0.00,0,600
72:9,0.00,0.00,0,600
81:9,0.00,0.00,0,600
90:9,0.00,0.00,0,600
10:10,4.45,6041.51,6,600
20:10,4.82,3599.13,6,600
30:10,4.77,6381.63,6,600
40:10,4.52,3424.40,5,600
50:10,4.84,1538.62,4,600
60:10,5.33,1515.92,4,600
70:10,4.46,1561.59,4,600
80:10,6.16,2272.44,5,600
90:10,5.99,3866.17,7,600
100:10,3.78,4521.79,5,600
1*1,0.00,0.00,0,700
1*2,0.00,0.00,0,700
1*3,0.00,0.00,0,700
1*4,0.00,0.00,0,700
1*5,0.00,0.00,0,700
1*6,0.00,0.00,0,700
1*7,0.00,0.00,0,700
1*8,0.00,0.00,0,700
1*9,0.00,0.00,0,700
1*10,0.00,0.00,0,700
2*1,5.54,3563.04,6,700
2*2,4.85,2804.19,5,700
2*3,5.20,4406.71,8,700
2*4,4.74,8176.83,7,700
2*5,5.27,2114.80,5,700
2*6,5.29,3612.23,7,700
2*7,4.68,5439.31,7,700
2*8,4.65,3562.34,7,700
2*9,5.09,4248.75,6,700
2*10,5.30,1359.65,4,700
3*1,6.44,3108.81,6,700
3*2,5.99,2968.14,7,700
3*3,4.97,6966.60,16,700
3*4,5.29,4608.71,6,700
3*5,5.07,10050.26,9,700
3*6,4.92,9765.66,20,700
3*7,5.25,8114.02,8,700
3*8,5.34,6225.05,9,700
3*9,4.92,9870.41,8,700
3*10,6.30,2338.98,6,700
4*1,5.41,2518.03,5,700
4*2,4.92,2037.14,5,700
4*3,5.42,2983.77,6,700
4*4,4.84,1595.94,4,700
4*5,5.17,3922.32,7,700
4*6,4.34,5800.52,7,700
4*7,4.72,4774.86,11,700
4*8,5.85,8526.71,12,700
4*9,4.92,3278.77,7,700
4*10,4.97,1415.09,4,700
5*1,4.90,1840.02,5,700
5*2,5.22,1993.72,5,700
5*3,5.44,5299.33,8,700
5*4,6.29,3324.82,6,700
5*5,5.61,2720.36,6,700
5*6,4.97,5347.84,8,700
5*7,5.37,6752.85,10,700
5*8,4.57,3204.06,6,700
5*9,4.94,3977.98,7,700
5*10,4.86,2106.09,5,700
6*1,5.83,20371.38,4,700
6*2,3.35,7292.92,4,700
6*3,3.84,9035.44,7,700
6*4,3.52,3355.22,4,700
6*5,3.75,4203.62,4,700
6*6,5.36,3181.56,5,700
6*7,5.07,4339.24,6,700
6*8,5.49,7277.14,7,700
6*9,4.94,4028.38,5,700
6*10,5.21,2610.28,4,700
7*1,0.00,0.00,0,700
7*2,0.00,0.00,0,700
7*3,0.00,0.00,0,700
7*4,0.00,0.00,0,700
7*5,0.00,0.00,0,700
7*6,0.00,0.00,0,700
7*7,0.00,0.00,0,700
7*8,0.00,0.00,0,700
7*9,0.00,0.00,0,700
7*10,0.00,0.00,0,700
8*1,0.00,0.00,0,700
8*2,0.00,0.00,0,700
8*3,0.00,0.00,0,700
8*4,0.00,0.00,0,700
8*5,0.00,0.00,0,700
8*6,0.00,0.00,0,700
8*7,0.00,0.00,0,700
8*8,0.00,0.00,0,700
8*9,0.00,0.00,0,700
8*10,0.00,0.00,0,700
9*1,0.00,0.00,0,700
9*2,0.00,0.00,0,700
9*3,0.00,0.00,0,700
9*4,0.00,0.00,0,700
9*5,0.00,0.00,0,700
9*6,0.00,0.00,0,700
9*7,0.00,0.00,0,700
9*8,0.00,0.00,0,700
9*9,0.00,0.00,0,700
9*10,0.00,0.00,0,700
10*1,5.62,4991.05,6,700
10*2,6.52,2401.96,6,700
10*3,6.23,1577.03,5,700
10*4,5.06,2406.24,5,700
10*5,4.62,1493.28,4,700
10*6,5.92,2650.21,6,700
10*7,6.69,1918.55,5,700
10*8,5.48,1880.04,5,700
10*9,5.96,1883.43,5,700
10*10,5.77,866.11,3,700
1:1,0.00,0.00,0,700
2:1,0.00,0.00,0,700
3:1,0.00,0.00,0,700
4:1,0.00,0.00,0,700
5:1,0.00,0.00,0,700
6:1,0.00,0.00,0,700
7:1,0.00,0.00,0,700
8:1,0.00,0.00,0,700
9:1,0.00,0.00,0,700
10:1,0.00,0.00,0,700
2:2,4.75,4205.12,8,700
4:2,4.80,6964.74,13,700
6:2,4.78,6073.18,7,700
8:2,5.38,5333.23,8,700
10:2,5.03,4617.02,7,700
12:2,5.58,3009.17,7,700
14:2,4.76,12912.09,8,700
16:2,5.19,8784.63,9,700
18:2,5.23,6525.68,9,700
20:2,5.26,3975.82,7,700
3:3,4.73,4863.37,6,700
6:3,5.13,9164.17,10,700
9:3,5.65,7742.99,8,700
12:3,5.60,6309.93,11,700
15:3,4.59,2873.86,6,700
18:3,5.11,6977.33,15,700
21:3,4.72,4050.19,6,700
24:3,4.73,5845.14,11,700
27:3,5.15,8360.22,8,700
30:3,5.20,2776.73,6,700
4:4,5.43,4089.12,6,700
8:4,5.54,3585.21,7,700
12:4,5.37,5219.59,10,700
16:4,4.72,8395.66,7,700
20:4,4.54,5154.52,7,700
24:4,4.96,5054.47,8,700
28:4,4.27,3481.42,6,700
32:4,5.03,5653.29,10,700
36:4,5.93,3514.61,7,700
40:4,4.78,3202.98,6,700
5:5,5.19,8336.33,7,700
10:5,4.75,4253.30,8,700
15:5,4.62,2262.45,5,700
20:5,5.55,5327.81,7,700
25:5,5.45,1860.19,5,700
30:5,4.60,5515.34,8,700
35:5,0.08,7224.61,11,700
40:5,4.96,6647.84,12,700
45:5,4.94,8705.59,9,700
50:5,5.63,2433.37,6,700
6:6,4.93,2376.90,4,700
12:6,2.05,8672.81,3,700
18:6,4.77,2275.96,4,700
24:6,4.99,3917.66,5,700
30:6,4.95,6322.90,5,700
36:6,5.31,9172.73,7,700
42:6,1.86,17931.09,3,700
48:6,4.38,8011.39,8,700
54:6,5.80,2187.82,4,700
60:6,5.27,1853.38,4,700
7:7,0.00,0.00,0,700
14:7,0.00,0.00,0,700
21:7,0.00,0.00,0,700
28:7,0.00,0.00,0,700
35:7,0.00,0.00,0,700
42:7,0.00,0.00,0,700
49:7,0.00,0.00,0,700
56:7,0.00,0.00,0,700
63:7,0.00,0.00,0,700
70:7,0.00,0.00,0,700
8:8,0.00,0.00,0,700
16:8,0.00,0.00,0,700
24:8,0.00,0.00,0,700
32:8,0.00,0.00,0,700
40:8,0.00,0.00,0,700
48:8,0.00,0.00,0,700
56:8,0.00,0.00,0,700
64:8,0.00,0.00,0,700
72:8,0.00,0.00,0,700
80:8,0.00,0.00,0,700
9:9,0.00,0.00,0,700
18:9,0.00,0.00,0,700
27:9,0.00,0.00,0,700
36:9,0.00,0.00,0,700
45:9,0.00,0.00,0,700
54:9,0.00,0.00,0,700
63:9,0.00,0.00,0,700
72:9,0.00,0.00,0,700
81:9,0.00,0.00,0,700
90:9,0.00,0.00,0,700
10:10,5.84,5635.66,7,700
20:10,4.86,3599.13,6,700
30:10,4.81,6381.63,6,700
40:10,4.56,3424.40,5,700
50:10,4.88,1538.62,4,700
60:10,5.37,1515.92,4,700
70:10,6.29,1553.14,5,700
80:10,6.20,2272.44,5,700
90:10,6.03,3866.17,7,700
100:10,5.81,4198.51,6,700
1*1,0.00,0.00,0,800
1*2,0.00,0.00,0,800
1*3,0.00,0.00,0,800
1*4,0.00,0.00,0,800
1*5,0.00,0.00,0,800
1*6,0.00,0.00,0,800
1*7,0.00,0.00,0,800
1*8,0.00,0.00,0,800
1*9,0.00,0.00,0,800
1*10,0.00,0.00,0,800
2*1,5.08,3563.04,6,800
2*2,5.38,2856.57,6,800
2*3,5.74,4273.34,9,800
2*4,5.12,7987.44,8,800
2*5,6.75,2035.62,6,800
2*6,5.90,3506.81,8,800
2*7,5.46,5110.58,8,800
2*8,6.27,4319.41,9,800
2*9,5.79,4056.27,7,800
2*10,7.07,1332.38,5,800
3*1,5.98,3108.81,6,800
3*2,5.52,2968.14,7,800
3*3,6.50,6397.84,17,800
3*4,4.83,4608.71,6,800
3*5,5.61,9336.83,10,800
3*6,4.98,10041.40,21,800
3*7,5.69,7810.02,9,800
3*8,4.88,6225.05,9,800
3*9,5.02,10049.97,9,800
3*10,5.84,2338.98,6,800
4*1,7.26,2368.93,6,800
4*2,5.62,2064.13,6,800
4*3,6.38,2873.19,7,800
4*4,5.34,1835.74,5,800
4*5,6.04,3730.59,8,800
4*6,5.65,5716.33,9,800
4*7,5.10,4919.87,12,800
4*8,5.39,8526.71,12,800
4*9,5.07,4027.69,8,800
4*10,5.50,1598.48,5,800
5*1,5.89,1839.62,6,800
5*2,4.76,1993.72,5,800
5*3,6.62,4931.50,9,800
5*4,5.83,3324.82,6,800
5*5,5.15,2720.36,6,800
5*6,6.23,4967.45,9,800
5*7,4.91,6752.85,10,800
5*8,5.27,4752.65,8,800
5*9,5.41,4034.08,8,800
5*10,5.83,2083.18,6,800
6*1,5.37,20371.38,4,800
6*2,4.75,6754.87,6,800
6*3,5.25,8169.48,9,800
6*4,5.53,5751.05,8,800
6*5,5.74,3984.23,6,800
6*6,5.88,3207.81,6,800
6*7,5.03,5353.52,7,800
6*8,5.03,7277.14,7,800
6*9,5.42,4046.44,6,800
6*10,6.55,2494.25,5,800
7*1,0.00,0.00,0,800
7*2,0.00,0.00,0,800
7*3,0.00,0.00,0,800
7*4,0.00,0.00,0,800
7*5,0.00,0.00,0,800
7*6,0.00,0.00,0,800
7*7,0.00,0.00,0,800
7*8,0.00,0.00,0,800
7*9,0.00,0.00,0,800
7*10,0.00,0.00,0,800
8*1,0.00,0.00,0,800
8*2,0.00,0.00,0,800
8*3,0.00,0.00,0,800
8*4,0.00,0.00,0,800
8*5,0.00,0.00,0,800
8*6,0.00,0.00,0,800
8*7,0.00,0.00,0,800
8*8,0.00,0.00,0,800
8*9,0.00,0.00,0,800
8*10,0.00,0.00,0,800
9*1,0.00,0.00,0,800
9*2,0.00,0.00,0,800
9*3,0.00,0.00,0,800
9*4,0.00,0.00,0,800
9*5,0.00,0.00,0,800
9*6,0.00,0.00,0,800
9*7,0.00,0.00,0,800
9*8,0.00,0.00,0,800
9*9,0.00,0.00,0,800
9*10,0.00,0.00,0,800
10*1,5.16,4991.05,6,800
10*2,6.06,2401.96,6,800
10*3,5.77,1577.03,5,800
10*4,4.60,2406.24,5,800
10*5,6.19,1468.95,5,800
10*6,5.45,2650.21,6,800
10*7,6.23,1918.55,5,800
10*8,5.02,1880.04,5,800
10*9,5.49,1883.43,5,800
10*10,5.31,866.11,3,800
1:1,0.00,0.00,0,800
2:1,0.00,0.00,0,800
3:1,0.00,0.00,0,800
4:1,0.00,0.00,0,800
5:1,0.00,0.00,0,800
6:1,0.00,0.00,0,800
7:1,0.00,0.00,0,800
8:1,0.00,0.00,0,800
9:1,0.00,0.00,0,800
10:1,0.00,0.00,0,800
2:2,5.63,3983.61,9,800
4:2,5.19,6883.96,14,800
6:2,5.21,5997.37,8,800
8:2,4.92,5333.23,8,800
10:2,5.54,4509.81,8,800
12:2,5.11,3009.17,7,800
14:2,5.76,11803.29,9,800
16:2,5.64,8389.46,10,800
18:2,5.98,6094.41,10,800
20:2,4.80,3975.82,7,800
3:3,5.51,4592.43,7,800
6:3,5.86,8473.66,11,800
9:3,5.19,7742.99,8,800
12:3,5.14,6309.93,11,800
15:3,5.28,2820.37,7,800
18:3,6.18,6454.19,16,800
21:3,5.62,4156.01,8,800
24:3,5.21,5680.73,12,800
27:3,5.97,7732.70,9,800
30:3,5.68,2916.06,7,800
4:4,4.97,4089.12,6,800
8:4,5.08,3585.21,7,800
12:4,5.89,5040.33,11,800
16:4,5.22,7937.19,8,800
20:4,4.96,5186.67,8,800
24:4,5.54,4815.82,9,800
28:4,5.65,3731.82,8,800
32:4,5.56,5413.26,11,800
36:4,5.47,3514.61,7,800
40:4,5.37,3145.98,7,800
5:5,6.26,7677.09,8,800
10:5,5.16,4388.37,9,800
15:5,5.14,2386.30,6,800
20:5,5.09,5327.81,7,800
25:5,5.97,2022.07,6,800
30:5,4.63,6289.61,9,800
35:5,1.90,6649.11,14,800
40:5,5.47,6339.06,13,800
45:5,5.59,8078.83,10,800
50:5,5.17,2433.37,6,800
6:6,6.12,2301.01,5,800
12:6,4.51,7786.64,6,800
18:6,5.08,4659.50,7,800
24:6,5.45,4001.70,6,800
30:6,5.43,6121.41,6,800
36:6,5.68,8899.76,8,800
42:6,5.73,12942.21,8,800
48:6,5.84,10190.16,13,800
54:6,5.34,2187.82,4,800
60:6,5.94,1906.74,5,800
7:7,0.00,0.00,0,800
14:7,0.00,0.00,0,800
21:7,0.00,0.00,0,800
28:7,0.00,0.00,0,800
35:7,0.00,0.00,0,800
42:7,0.00,0.00,0,800
49:7,0.00,0.00,0,800
56:7,0.00,0.00,0,800
63:7,0.00,0.00,0,800
70:7,0.00,0.00,0,800
8:8,0.00,0.00,0,800
16:8,0.00,0.00,0,800
24:8,0.00,0.00,0,800
32:8,0.00,0.00,0,800
40:8,0.00,0.00,0,800
48:8,0.00,0.00,0,800
56:8,0.00,0.00,0,800
64:8,0.00,0.00,0,800
72:8,0.00,0.00,0,800
80:8,0.00,0.00,0,800
9:9,0.00,0.00,0,800
18:9,0.00,0.00,0,800
27:9,0.00,0.00,0,800
36:9,0.00,0.00,0,800
45:9,0.00,0.00,0,800
54:9,0.00,0.00,0,800
63:9,0.00,0.00,0,800
72:9,0.00,0.00,0,800
81:9,0.00,0.00,0,800
90:9,0.00,0.00,0,800
10:10,5.38,5635.66,7,800
20:10,5.91,3415.22,7,800
30:10,5.34,6054.47,7,800
40:10,6.00,3217.66,6,800
50:10,6.55,1501.46,5,800
60:10,4.91,1515.92,4,800
70:10,5.82,1553.14,5,800
80:10,5.74,2272.44,5,800
90:10,5.57,3866.17,7,800
100:10,5.35,4198.51,6,800
1*1,0.00,0.00,0,900
1*2,0.00,0.00,0,900
1*3,0.00,0.00,0,900
1*4,0.00,0.00,0,900
1*5,0.00,0.00,0,900
1*6,0.00,0.00,0,900
1*7,0.00,0.00,0,900
1*8,0.00,0.00,0,900
1*9,0.00,0.00,0,900
1*10,0.00,0.00,0,900
2*1,6.10,3392.84,7,900
2*2,6.48,2746.11,7,900
2*3,6.29,4208.80,10,900
2*4,6.22,7364.00,9,900
2*5,6.33,2035.62,6,900
2*6,5.48,3506.81,8,900
2*7,6.16,4841.72,9,900
2*8,5.85,4319.41,9,900
2*9,5.37,4056.27,7,900
2*10,6.65,1332.38,5,900
3*1,5.56,3108.81,6,900
3*2,6.12,2955.83,8,900
3*3,6.08,6397.84,17,900
3*4,5.72,4352.84,7,900
3*5,6.64,8588.65,11,900
3*6,6.23,9333.79,23,900
3*7,6.16,7557.62,10,900
3*8,5.63,8754.94,13,900
3*9,6.27,9334.98,11,900
3*10,6.76,2303.88,7,900
4*1,6.83,2368.93,6,900
4*2,5.20,2064.13,6,900
4*3,5.96,2873.19,7,900
4*4,6.41,1831.57,6,900
4*5,5.62,3730.59,8,900
4*6,6.10,5701.80,10,900
4*7,5.98,7853.28,16,900
4*8,4.97,8526.71,12,900
4*9,5.70,3886.53,9,900
4*10,6.57,1618.13,6,900
5*1,5.47,1839.62,6,900
5*2,6.35,3002.35,7,900
5*3,6.20,4931.50,9,900
5*4,5.41,3324.82,6,900
5*5,6.14,2637.92,7,900
5*6,5.80,4967.45,9,900
5*7,6.26,6453.00,12,900
5*8,6.15,4483.69,9,900
5*9,5.92,4072.77,9,900
5*10,5.41,2083.18,6,900
6*1,6.50,18505.74,5,900
6*2,5.91,7448.28,8,900
6*3,5.76,7787.53,10,900
6*4,5.74,6236.54,9,900
6*5,5.31,3984.23,6,900
6*6,5.46,3207.81,6,900
6*7,5.90,7231.39,10,900
6*8,5.53,7005.83,8,900
6*9,5.90,4139.40,7,900
6*10,6.13,2494.25,5,900
7*1,0.00,0.00,0,900
7*2,0.00,0.00,0,900
7*3,0.00,0.00,0,900
7*4,0.00,0.00,0,900
7*5,0.00,0.00,0,900
7*6,0.00,0.00,0,900
7*7,0.00,0.00,0,900
7*8,0.00,0.00,0,900
7*9,0.00,0.00,0,900
7*10,0.00,0.00,0,900
8*1,0.00,0.00,0,900
8*2,0.00,0.00,0,900
8*3,0.00,0.00,0,900
8*4,0.00,0.00,0,900
8*5,0.00,0.00,0,900
8*6,0.00,0.00,0,900
8*7,0.00,0.00,0,900
8*8,0.00,0.00,0,900
8*9,0.00,0.00,0,900
8*10,0.00,0.00,0,900
9*1,0.00,0.00,0,900
9*2,0.00,0.00,0,900
9*3,0.00,0.00,0,900
9*4,0.00,0.00,0,900
9*5,0.00,0.00,0,900
9*6,0.00,0.00,0,900
9*7,0.00,0.00,0,900
9*8,0.00,0.00,0,900
9*9,0.00,0.00,0,900
9*10,0.00,0.00,0,900
10*1,6.77,4616.75,7,900
10*2,5.64,2401.96,6,900
10*3,5.35,1577.03,5,900
10*4,6.03,2306.22,6,900
10*5,5.77,1468.95,5,900
10*6,7.03,2512.79,7,900
10*7,5.81,1918.55,5,900
10*8,6.62,1817.74,6,900
10*9,7.08,1821.89,6,900
10*10,5.97,1031.30,4,900
1:1,0.00,0.00,0,900
2:1,0.00,0.00,0,900
3:1,0.00,0.00,0,900
4:1,0.00,0.00,0,900
5:1,0.00,0.00,0,900
6:1,0.00,0.00,0,900
7:1,0.00,0.00,0,900
8:1,0.00,0.00,0,900
9:1,0.00,0.00,0,900
10:1,0.00,0.00,0,900
2:2,6.17,3966.25,10,900
4:2,5.66,6724.67,15,900
6:2,5.70,5872.03,9,900
8:2,5.46,7291.98,10,900
10:2,6.05,4503.43,9,900
12:2,6.14,2892.56,8,900
14:2,5.69,12223.46,10,900
16:2,6.20,7893.62,11,900
18:2,5.56,6094.41,10,900
20:2,6.36,3951.58,9,900
3:3,5.09,4592.43,7,900
6:3,5.44,8473.66,11,900
9:3,5.55,7709.29,9,900
12:3,5.69,6029.44,12,900
15:3,5.93,4541.52,9,900
18:3,5.76,6454.19,16,900
21:3,6.41,3962.01,9,900
24:3,5.86,5978.78,14,900
27:3,5.55,7732.70,9,900
30:3,6.24,2973.25,8,900
4:4,5.43,4222.81,7,900
8:4,5.65,3544.19,8,900
12:4,5.47,5040.33,11,900
16:4,5.73,7590.57,9,900
20:4,5.83,4875.10,9,900
24:4,6.44,4537.64,10,900
28:4,5.22,3731.82,8,900
32:4,6.16,5153.83,12,900
36:4,5.75,4076.15,8,900
40:4,5.91,3210.78,8,900
5:5,5.84,7677.09,8,900
10:5,5.57,4588.24,11,900
15:5,5.74,4407.46,8,900
20:5,6.24,5693.81,9,900
25:5,5.55,2022.07,6,900
30:5,5.55,5859.95,10,900
35:5,5.13,6090.79,18,900
40:5,6.04,6036.25,14,900
45:5,5.76,8396.55,11,900
50:5,6.60,2330.94,7,900
6:6,5.69,2301.01,5,900
12:6,5.53,7194.27,7,900
18:6,5.78,4433.15,8,900
24:6,5.83,5105.44,8,900
30:6,5.89,6060.67,8,900
36:6,5.26,8899.76,8,900
42:6,6.60,11854.99,9,900
48:6,6.39,9543.64,14,900
54:6,5.77,2571.74,5,900
60:6,5.52,1906.74,5,900
7:7,0.00,0.00,0,900
14:7,0.00,0.00,0,900
21:7,0.00,0.00,0,900
28:7,0.00,0.00,0,900
35:7,0.00,0.00,0,900
42:7,0.00,0.00,0,900
49:7,0.00,0.00,0,900
56:7,0.00,0.00,0,900
63:7,0.00,0.00,0,900
70:7,0.00,0.00,0,900
8:8,0.00,0.00,0,900
16:8,0.00,0.00,0,900
24:8,0.00,0.00,0,900
32:8,0.00,0.00,0,900
40:8,0.00,0.00,0,900
48:8,0.00,0.00,0,900
56:8,0.00,0.00,0,900
64:8,0.00,0.00,0,900
72:8,0.00,0.00,0,900
80:8,0.00,0.00,0,900
9:9,0.00,0.00,0,900
18:9,0.00,0.00,0,900
27:9,0.00,0.00,0,900
36:9,0.00,0.00,0,900
45:9,0.00,0.00,0,900
54:9,0.00,0.00,0,900
63:9,0.00,0.00,0,900
72:9,0.00,0.00,0,900
81:9,0.00,0.00,0,900
90:9,0.00,0.00,0,900
10:10,6.43,5253.59,8,900
20:10,5.49,3415.22,7,900
30:10,6.62,5605.52,8,900
40:10,5.58,3217.66,6,900
50:10,6.13,1501.46,5,900
60:10,5.54,1625.13,5,900
70:10,5.40,1553.14,5,900
80:10,6.30,2389.49,6,900
90:10,5.66,3759.05,8,900
100:10,5.78,4378.66,7,900
1*1,0.00,0.00,0,900
1*2,0.00,0.00,0,900
1*3,0.00,0.00,0,900
1*4,0.00,0.00,0,900
1*5,0.00,0.00,0,900
1*6,0.00,0.00,0,900
1*7,0.00,0.00,0,900
1*8,0.00,0.00,0,900
1*9,0.00,0.00,0,900
1*10,0.00,0.00,0,900
2*1,6.09,3392.84,7,900
2*2,6.48,2746.11,7,900
2*3,6.29,4208.80,10,900
2*4,6.22,7364.00,9,900
2*5,6.33,2035.62,6,900
2*6,5.47,3506.81,8,900
2*7,6.15,4841.72,9,900
2*8,5.84,4319.41,9,900
2*9,5.36,4056.27,7,900
2*10,6.64,1332.38,5,900
3*1,5.56,3108.81,6,900
3*2,6.11,2955.83,8,900
3*3,6.07,6397.84,17,900
3*4,5.71,4352.84,7,900
3*5,6.63,8588.65,11,900
3*6,6.22,9333.79,23,900
3*7,6.15,7557.62,10,900
3*8,5.63,8754.94,13,900
3*9,6.26,9334.98,11,900
3*10,6.76,2303.88,7,900
4*1,6.83,2368.93,6,900
4*2,6.05,2457.42,7,900
4*3,5.95,2873.19,7,900
4*4,6.40,1831.57,6,900
4*5,5.61,3730.59,8,900
4*6,6.10,5701.80,10,900
4*7,5.97,7853.28,16,900
4*8,4.96,8526.71,12,900
4*9,5.70,3886.53,9,900
4*10,6.57,1618.13,6,900
5*1,5.46,1839.62,6,900
5*2,6.35,3002.35,7,900
5*3,6.19,4931.50,9,900
5*4,5.41,3324.82,6,900
5*5,6.14,2637.92,7,900
5*6,5.80,4967.45,9,900
5*7,6.26,6453.00,12,900
5*8,6.14,4483.69,9,900
5*9,5.91,4072.77,9,900
5*10,5.40,2083.18,6,900
6*1,6.50,18505.74,5,900
6*2,5.90,7448.28,8,900
6*3,5.76,7787.53,10,900
6*4,5.73,6236.54,9,900
6*5,5.31,3984.23,6,900
6*6,5.46,3207.81,6,900
6*7,5.89,7231.39,10,900
6*8,5.53,7005.83,8,900
6*9,5.90,4139.40,7,900
6*10,6.13,2494.25,5,900
7*1,0.00,0.00,0,900
7*2,0.00,0.00,0,900
7*3,0.00,0.00,0,900
7*4,0.00,0.00,0,900
7*5,0.00,0.00,0,900
7*6,0.00,0.00,0,900
7*7,0.00,0.00,0,900
7*8,0.00,0.00,0,900
7*9,0.00,0.00,0,900
7*10,0.00,0.00,0,900
8*1,0.00,0.00,0,900
8*2,0.00,0.00,0,900
8*3,0.00,0.00,0,900
8*4,0.00,0.00,0,900
8*5,0.00,0.00,0,900
8*6,0.00,0.00,0,900
8*7,0.00,0.00,0,900
8*8,0.00,0.00,0,900
8*9,0.00,0.00,0,900
8*10,0.00,0.00,0,900
9*1,0.00,0.00,0,900
9*2,0.00,0.00,0,900
9*3,0.00,0.00,0,900
9*4,0.00,0.00,0,900
9*5,0.00,0.00,0,900
9*6,0.00,0.00,0,900
9*7,0.00,0.00,0,900
9*8,0.00,0.00,0,900
9*9,0.00,0.00,0,900
9*10,0.00,0.00,0,900
10*1,6.76,4616.75,7,900
10*2,5.63,2401.96,6,900
10*3,5.34,1577.03,5,900
10*4,6.03,2306.22,6,900
10*5,5.76,1468.95,5,900
10*6,7.03,2512.79,7,900
10*7,5.80,1918.55,5,900
10*8,6.61,1817.74,6,900
10*9,7.08,1821.89,6,900
10*10,5.96,1031.30,4,900
1:1,0.00,0.00,0,900
2:1,0.00,0.00,0,900
3:1,0.00,0.00,0,900
4:1,0.00,0.00,0,900
5:1,0.00,0.00,0,900
6:1,0.00,0.00,0,900
7:1,0.00,0.00,0,900
8:1,0.00,0.00,0,900
9:1,0.00,0.00,0,900
10:1,0.00,0.00,0,900
2:2,6.17,3966.25,10,900
4:2,5.65,6724.67,15,900
6:2,5.69,5872.03,9,900
8:2,5.46,7291.98,10,900
10:2,6.04,4503.43,9,900
12:2,6.14,2892.56,8,900
14:2,5.69,12223.46,10,900
16:2,6.20,7893.62,11,900
18:2,5.56,6094.41,10,900
20:2,6.35,3951.58,9,900
3:3,5.09,4592.43,7,900
6:3,5.43,8473.66,11,900
9:3,5.55,7709.29,9,900
12:3,5.69,6029.44,12,900
15:3,5.92,4541.52,9,900
18:3,5.75,6454.19,16,900
21:3,6.40,3962.01,9,900
24:3,5.86,5978.78,14,900
27:3,5.54,7732.70,9,900
30:3,6.24,2973.25,8,900
4:4,5.42,4222.81,7,900
8:4,5.65,3544.19,8,900
12:4,5.47,5040.33,11,900
16:4,5.73,7590.57,9,900
20:4,5.82,4875.10,9,900
24:4,6.43,4537.64,10,900
28:4,5.22,3731.82,8,900
32:4,6.15,5153.83,12,900
36:4,5.74,4076.15,8,900
40:4,5.91,3210.78,8,900
5:5,5.83,7677.09,8,900
10:5,5.56,4588.24,11,900
15:5,5.73,4407.46,8,900
20:5,6.23,5693.81,9,900
25:5,5.54,2022.07,6,900
30:5,5.55,5859.95,10,900
35:5,5.12,6090.79,18,900
40:5,6.04,6036.25,14,900
45:5,5.75,8396.55,11,900
50:5,6.60,2330.94,7,900
6:6,5.69,2301.01,5,900
12:6,5.52,7194.27,7,900
18:6,5.78,4433.15,8,900
24:6,5.83,5105.44,8,900
30:6,5.88,6060.67,8,900
36:6,5.81,9191.38,9,900
42:6,6.60,11854.99,9,900
48:6,6.38,9543.64,14,900
54:6,5.76,2571.74,5,900
60:6,5.51,1906.74,5,900
7:7,0.00,0.00,0,900
14:7,0.00,0.00,0,900
21:7,0.00,0.00,0,900
28:7,0.00,0.00,0,900
35:7,0.00,0.00,0,900
42:7,0.00,0.00,0,900
49:7,0.00,0.00,0,900
56:7,0.00,0.00,0,900
63:7,0.00,0.00,0,900
70:7,0.00,0.00,0,900
8:8,0.00,0.00,0,900
16:8,0.00,0.00,0,900
24:8,0.00,0.00,0,900
32:8,0.00,0.00,0,900
40:8,0.00,0.00,0,900
48:8,0.00,0.00,0,900
56:8,0.00,0.00,0,900
64:8,0.00,0.00,0,900
72:8,0.00,0.00,0,900
80:8,0.00,0.00,0,900
9:9,0.00,0.00,0,900
18:9,0.00,0.00,0,900
27:9,0.00,0.00,0,900
36:9,0.00,0.00,0,900
45:9,0.00,0.00,0,900
54:9,0.00,0.00,0,900
63:9,0.00,0.00,0,900
72:9,0.00,0.00,0,900
81:9,0.00,0.00,0,900
90:9,0.00,0.00,0,900
10:10,6.43,5253.59,8,900
20:10,4.49,3415.22,7,900
30:10,6.61,5605.52,8,900
40:10,5.58,3217.66,6,900
50:10,6.12,1501.46,5,900
60:10,5.54,1625.13,5,900
70:10,5.40,1553.14,5,900
80:10,6.30,2389.49,6,900
90:10,5.66,3759.05,8,900
100:10,5.78,4378.66,7,900
